[2025-08-14 19:59:22.536] [145234] [HailoRT] [info] [internal_buffer_manager.cpp:75] [print_execution_results] Default Internal buffer planner failed to meet requirements
[2025-08-14 19:59:22.537] [145234] [HailoRT] [info] [internal_buffer_manager.cpp:86] [print_execution_results] Default Internal buffer planner executed successfully
[2025-08-14 19:59:22.545] [145234] [HailoRT] [info] [device_internal.cpp:57] [configure] Configuring HEF took 14.306281 milliseconds
[2025-08-14 19:59:22.546] [145234] [HailoRT] [info] [vdevice.cpp:780] [configure] Configuring HEF on VDevice took 14.720275 milliseconds
[2025-08-14 19:59:22.546] [145234] [HailoRT] [info] [hef.cpp:1994] [get_network_group_and_network_name] No name was given. Addressing all networks of default network_group: mobilenet
[2025-08-14 19:59:22.546] [145234] [HailoRT] [info] [hef.cpp:1994] [get_network_group_and_network_name] No name was given. Addressing all networks of default network_group: mobilenet
[2025-08-14 19:59:22.552] [145234] [HailoRT] [info] [edge_elements.cpp:52] [create] Created (HwWriteEl1mobilenet/input_layer1 | hw_frame_size: 150528)
[2025-08-14 19:59:22.552] [145234] [HailoRT] [info] [vstream.cpp:754] [InputVStreamImpl] Creating mobilenet/input_layer1...
[2025-08-14 19:59:22.552] [145234] [HailoRT] [info] [vstream_builder.cpp:102] [create_inputs] Input pipeline 'mobilenet/input_layer1': (HwWriteEl1mobilenet/input_layer1 | hw_frame_size: 150528) >> HW
[2025-08-14 19:59:22.552] [145234] [HailoRT] [info] [edge_elements.cpp:287] [create] Created (HwReadEl0mobilenet/fc18 | hw_frame_size: 8)
[2025-08-14 19:59:22.552] [145234] [HailoRT] [info] [queue_elements.cpp:657] [create] Created (PullQEl_hw_read0mobilenet/fc18)
[2025-08-14 19:59:22.552] [145234] [HailoRT] [info] [filter_elements.cpp:372] [create] Created (PostInferEl0mobilenet/fc18 | Padding Periph shape - src_shape: (1, 1, 2), dst_shape: (1, 1, 2))
[2025-08-14 19:59:22.552] [145234] [HailoRT] [info] [queue_elements.cpp:800] [create] Created (UserBuffQEl0mobilenet/fc18 | timeout: 10s)
[2025-08-14 19:59:22.552] [145234] [HailoRT] [info] [vstream.cpp:1114] [OutputVStreamImpl] Creating mobilenet/fc18...
[2025-08-14 19:59:22.552] [145234] [HailoRT] [info] [vstream_builder.cpp:220] [create_outputs] Output pipeline 'mobilenet/fc18': HW >> (HwReadEl0mobilenet/fc18 | hw_frame_size: 8) >> (PullQEl_hw_read0mobilenet/fc18) >> (PostInferEl0mobilenet/fc18 | Padding Periph shape - src_shape: (1, 1, 2), dst_shape: (1, 1, 2)) >> (UserBuffQEl0mobilenet/fc18 | timeout: 10s)
[2025-08-14 19:59:22.553] [145234] [HailoRT] [info] [core_op.cpp:156] [activate] Activating mobilenet took 0.292146 milliseconds. Note that the function is asynchronous and thus the network is not fully activated yet.
[2025-08-14 19:59:22.553] [145234] [HailoRT] [info] [core_op.cpp:156] [activate] Activating mobilenet took 0.317015 milliseconds. Note that the function is asynchronous and thus the network is not fully activated yet.
[2025-08-14 19:59:22.565] [145234] [HailoRT] [info] [core_op.cpp:186] [deactivate] Deactivating took 0.394845 ms
[2025-08-14 19:59:22.565] [145234] [HailoRT] [info] [core_op.cpp:186] [deactivate] Deactivating took 0.419301 ms
[2025-08-14 19:59:22.565] [162565] [HailoRT] [info] [queue_elements.cpp:855] [run_in_thread] Shutdown event was signaled in dequeue of UserBuffQEl0mobilenet/fc18!
[2025-08-14 19:59:22.567] [162564] [HailoRT] [info] [vdevice_native_stream.cpp:331] [read_impl] Failed read from stream HAILO_STREAM_ABORT(63) (device: 0000:03:00.0)
[2025-08-14 19:59:22.567] [162564] [HailoRT] [info] [edge_elements.cpp:396] [run_pull] Reading from stream was aborted!
[2025-08-14 19:59:22.567] [162564] [HailoRT] [info] [queue_elements.cpp:738] [run_in_thread] run_pull of queue element PullQEl_hw_read0mobilenet/fc18 was aborted!
[2025-08-14 19:59:22.567] [145234] [HailoRT] [info] [queue_elements.cpp:46] [~BaseQueueElement] Queue element PullQEl_hw_read0mobilenet/fc18 has 0 frames in his Queue on destruction
[2025-08-14 19:59:22.567] [162565] [HailoRT] [info] [queue_elements.cpp:68] [operator()] Thread in element UserBuffQEl0mobilenet/fc18 is not running anymore, exiting..
[2025-08-14 19:59:22.567] [145234] [HailoRT] [info] [queue_elements.cpp:46] [~BaseQueueElement] Queue element UserBuffQEl0mobilenet/fc18 has 0 frames in his Queue on destruction
[2025-08-14 19:59:22.674] [145234] [HailoRT] [info] [vdevice.cpp:535] [create] Creating vdevice with params: device_count: 1, scheduling_algorithm: NONE, multi_process_service: false
[2025-08-14 19:59:22.686] [145234] [HailoRT] [info] [device.cpp:51] [Device] OS Version: Linux 6.5.0-44-generic #44~22.04.1-Ubuntu SMP PREEMPT_DYNAMIC Tue Jun 18 14:36:16 UTC 2 x86_64
[2025-08-14 19:59:22.686] [145234] [HailoRT] [info] [control.cpp:113] [control__parse_identify_results] firmware_version is: 4.22.0
[2025-08-14 19:59:22.686] [145234] [HailoRT] [info] [vdevice.cpp:682] [create] VDevice Infos: 0000:03:00.0
[2025-08-14 19:59:22.709] [145234] [HailoRT] [info] [internal_buffer_manager.cpp:77] [print_execution_results] Planned internal buffer memory: CMA=0 CMA-Desc=262144 Pinned=2997248. memory to edge layer usage factor is 1
[2025-08-14 19:59:22.709] [145234] [HailoRT] [info] [internal_buffer_manager.cpp:86] [print_execution_results] Default Internal buffer planner executed successfully
[2025-08-14 19:59:22.788] [145234] [HailoRT] [info] [device_internal.cpp:57] [configure] Configuring HEF took 85.396693 milliseconds
[2025-08-14 19:59:22.789] [145234] [HailoRT] [info] [vdevice.cpp:780] [configure] Configuring HEF on VDevice took 86.69072 milliseconds
[2025-08-14 19:59:22.791] [145234] [HailoRT] [info] [edge_elements.cpp:52] [create] Created (HwWriteEl3yolov8m_pose/input_layer1 | hw_frame_size: 1228800)
[2025-08-14 19:59:22.791] [145234] [HailoRT] [info] [vstream.cpp:754] [InputVStreamImpl] Creating yolov8m_pose/input_layer1...
[2025-08-14 19:59:22.791] [145234] [HailoRT] [info] [vstream_builder.cpp:102] [create_inputs] Input pipeline 'yolov8m_pose/input_layer1': (HwWriteEl3yolov8m_pose/input_layer1 | hw_frame_size: 1228800) >> HW
[2025-08-14 19:59:22.792] [145234] [HailoRT] [info] [edge_elements.cpp:287] [create] Created (HwReadEl1yolov8m_pose/conv59 | hw_frame_size: 409600)
[2025-08-14 19:59:22.792] [145234] [HailoRT] [warning] [transform.cpp:57] [should_quantize_by_type] The model compiled for type UINT8, while the dst type is UINT16. libhailort will type-cast every value which might reduce performance. Consider recompiling the model.
[2025-08-14 19:59:22.792] [145234] [HailoRT] [info] [queue_elements.cpp:657] [create] Created (PullQEl_hw_read1yolov8m_pose/conv59)
[2025-08-14 19:59:22.792] [145234] [HailoRT] [warning] [transform.cpp:57] [should_quantize_by_type] The model compiled for type UINT8, while the dst type is UINT16. libhailort will type-cast every value which might reduce performance. Consider recompiling the model.
[2025-08-14 19:59:22.792] [145234] [HailoRT] [info] [filter_elements.cpp:372] [create] Created (PostInferEl1yolov8m_pose/conv59 | Quantization - src_type: UINT8, dst_type UINT16, limvals_min: -5.99085, limvals_max: 14.9361)
[2025-08-14 19:59:22.792] [145234] [HailoRT] [info] [queue_elements.cpp:800] [create] Created (UserBuffQEl1yolov8m_pose/conv59 | timeout: 10s)
[2025-08-14 19:59:22.792] [145234] [HailoRT] [info] [vstream.cpp:1114] [OutputVStreamImpl] Creating yolov8m_pose/conv59...
[2025-08-14 19:59:22.792] [145234] [HailoRT] [info] [vstream_builder.cpp:220] [create_outputs] Output pipeline 'yolov8m_pose/conv59': HW >> (HwReadEl1yolov8m_pose/conv59 | hw_frame_size: 409600) >> (PullQEl_hw_read1yolov8m_pose/conv59) >> (PostInferEl1yolov8m_pose/conv59 | Quantization - src_type: UINT8, dst_type UINT16, limvals_min: -5.99085, limvals_max: 14.9361) >> (UserBuffQEl1yolov8m_pose/conv59 | timeout: 10s)
[2025-08-14 19:59:22.792] [145234] [HailoRT] [info] [edge_elements.cpp:287] [create] Created (HwReadEl3yolov8m_pose/conv60 | hw_frame_size: 6400)
[2025-08-14 19:59:22.792] [145234] [HailoRT] [warning] [transform.cpp:57] [should_quantize_by_type] The model compiled for type UINT8, while the dst type is UINT16. libhailort will type-cast every value which might reduce performance. Consider recompiling the model.
[2025-08-14 19:59:22.793] [145234] [HailoRT] [info] [queue_elements.cpp:657] [create] Created (PullQEl_hw_read3yolov8m_pose/conv60)
[2025-08-14 19:59:22.793] [145234] [HailoRT] [warning] [transform.cpp:57] [should_quantize_by_type] The model compiled for type UINT8, while the dst type is UINT16. libhailort will type-cast every value which might reduce performance. Consider recompiling the model.
[2025-08-14 19:59:22.793] [145234] [HailoRT] [info] [filter_elements.cpp:372] [create] Created (PostInferEl3yolov8m_pose/conv60 | Quantization - src_type: UINT8, dst_type UINT16, limvals_min: 0, limvals_max: 1)
[2025-08-14 19:59:22.793] [145234] [HailoRT] [info] [queue_elements.cpp:800] [create] Created (UserBuffQEl3yolov8m_pose/conv60 | timeout: 10s)
[2025-08-14 19:59:22.793] [145234] [HailoRT] [info] [vstream.cpp:1114] [OutputVStreamImpl] Creating yolov8m_pose/conv60...
[2025-08-14 19:59:22.793] [145234] [HailoRT] [info] [vstream_builder.cpp:220] [create_outputs] Output pipeline 'yolov8m_pose/conv60': HW >> (HwReadEl3yolov8m_pose/conv60 | hw_frame_size: 6400) >> (PullQEl_hw_read3yolov8m_pose/conv60) >> (PostInferEl3yolov8m_pose/conv60 | Quantization - src_type: UINT8, dst_type UINT16, limvals_min: 0, limvals_max: 1) >> (UserBuffQEl3yolov8m_pose/conv60 | timeout: 10s)
[2025-08-14 19:59:22.793] [145234] [HailoRT] [info] [edge_elements.cpp:287] [create] Created (HwReadEl2yolov8m_pose/conv61 | hw_frame_size: 716800)
[2025-08-14 19:59:22.793] [145234] [HailoRT] [info] [queue_elements.cpp:657] [create] Created (PullQEl_hw_read2yolov8m_pose/conv61)
[2025-08-14 19:59:22.793] [145234] [HailoRT] [info] [filter_elements.cpp:372] [create] Created (PostInferEl2yolov8m_pose/conv61 | Reorder - src_order: FCR, src_shape: (80, 80, 56), dst_order: FCR, dst_shape: (80, 80, 51))
[2025-08-14 19:59:22.793] [145234] [HailoRT] [info] [queue_elements.cpp:800] [create] Created (UserBuffQEl2yolov8m_pose/conv61 | timeout: 10s)
[2025-08-14 19:59:22.793] [145234] [HailoRT] [info] [vstream.cpp:1114] [OutputVStreamImpl] Creating yolov8m_pose/conv61...
[2025-08-14 19:59:22.793] [145234] [HailoRT] [info] [vstream_builder.cpp:220] [create_outputs] Output pipeline 'yolov8m_pose/conv61': HW >> (HwReadEl2yolov8m_pose/conv61 | hw_frame_size: 716800) >> (PullQEl_hw_read2yolov8m_pose/conv61) >> (PostInferEl2yolov8m_pose/conv61 | Reorder - src_order: FCR, src_shape: (80, 80, 56), dst_order: FCR, dst_shape: (80, 80, 51)) >> (UserBuffQEl2yolov8m_pose/conv61 | timeout: 10s)
[2025-08-14 19:59:22.793] [145234] [HailoRT] [info] [edge_elements.cpp:287] [create] Created (HwReadEl8yolov8m_pose/conv75 | hw_frame_size: 102400)
[2025-08-14 19:59:22.793] [145234] [HailoRT] [warning] [transform.cpp:57] [should_quantize_by_type] The model compiled for type UINT8, while the dst type is UINT16. libhailort will type-cast every value which might reduce performance. Consider recompiling the model.
[2025-08-14 19:59:22.793] [145234] [HailoRT] [info] [queue_elements.cpp:657] [create] Created (PullQEl_hw_read8yolov8m_pose/conv75)
[2025-08-14 19:59:22.793] [145234] [HailoRT] [warning] [transform.cpp:57] [should_quantize_by_type] The model compiled for type UINT8, while the dst type is UINT16. libhailort will type-cast every value which might reduce performance. Consider recompiling the model.
[2025-08-14 19:59:22.793] [145234] [HailoRT] [info] [filter_elements.cpp:372] [create] Created (PostInferEl8yolov8m_pose/conv75 | Quantization - src_type: UINT8, dst_type UINT16, limvals_min: -7.00621, limvals_max: 13.5292)
[2025-08-14 19:59:22.793] [145234] [HailoRT] [info] [queue_elements.cpp:800] [create] Created (UserBuffQEl8yolov8m_pose/conv75 | timeout: 10s)
[2025-08-14 19:59:22.793] [145234] [HailoRT] [info] [vstream.cpp:1114] [OutputVStreamImpl] Creating yolov8m_pose/conv75...
[2025-08-14 19:59:22.793] [145234] [HailoRT] [info] [vstream_builder.cpp:220] [create_outputs] Output pipeline 'yolov8m_pose/conv75': HW >> (HwReadEl8yolov8m_pose/conv75 | hw_frame_size: 102400) >> (PullQEl_hw_read8yolov8m_pose/conv75) >> (PostInferEl8yolov8m_pose/conv75 | Quantization - src_type: UINT8, dst_type UINT16, limvals_min: -7.00621, limvals_max: 13.5292) >> (UserBuffQEl8yolov8m_pose/conv75 | timeout: 10s)
[2025-08-14 19:59:22.793] [145234] [HailoRT] [info] [edge_elements.cpp:287] [create] Created (HwReadEl5yolov8m_pose/conv76 | hw_frame_size: 1600)
[2025-08-14 19:59:22.793] [145234] [HailoRT] [warning] [transform.cpp:57] [should_quantize_by_type] The model compiled for type UINT8, while the dst type is UINT16. libhailort will type-cast every value which might reduce performance. Consider recompiling the model.
[2025-08-14 19:59:22.793] [145234] [HailoRT] [info] [queue_elements.cpp:657] [create] Created (PullQEl_hw_read5yolov8m_pose/conv76)
[2025-08-14 19:59:22.793] [145234] [HailoRT] [warning] [transform.cpp:57] [should_quantize_by_type] The model compiled for type UINT8, while the dst type is UINT16. libhailort will type-cast every value which might reduce performance. Consider recompiling the model.
[2025-08-14 19:59:22.793] [145234] [HailoRT] [info] [filter_elements.cpp:372] [create] Created (PostInferEl5yolov8m_pose/conv76 | Quantization - src_type: UINT8, dst_type UINT16, limvals_min: 0, limvals_max: 1)
[2025-08-14 19:59:22.794] [145234] [HailoRT] [info] [queue_elements.cpp:800] [create] Created (UserBuffQEl5yolov8m_pose/conv76 | timeout: 10s)
[2025-08-14 19:59:22.794] [145234] [HailoRT] [info] [vstream.cpp:1114] [OutputVStreamImpl] Creating yolov8m_pose/conv76...
[2025-08-14 19:59:22.794] [145234] [HailoRT] [info] [vstream_builder.cpp:220] [create_outputs] Output pipeline 'yolov8m_pose/conv76': HW >> (HwReadEl5yolov8m_pose/conv76 | hw_frame_size: 1600) >> (PullQEl_hw_read5yolov8m_pose/conv76) >> (PostInferEl5yolov8m_pose/conv76 | Quantization - src_type: UINT8, dst_type UINT16, limvals_min: 0, limvals_max: 1) >> (UserBuffQEl5yolov8m_pose/conv76 | timeout: 10s)
[2025-08-14 19:59:22.794] [145234] [HailoRT] [info] [edge_elements.cpp:287] [create] Created (HwReadEl0yolov8m_pose/conv77 | hw_frame_size: 179200)
[2025-08-14 19:59:22.794] [145234] [HailoRT] [info] [queue_elements.cpp:657] [create] Created (PullQEl_hw_read0yolov8m_pose/conv77)
[2025-08-14 19:59:22.794] [145234] [HailoRT] [info] [filter_elements.cpp:372] [create] Created (PostInferEl0yolov8m_pose/conv77 | Reorder - src_order: FCR, src_shape: (40, 40, 56), dst_order: FCR, dst_shape: (40, 40, 51))
[2025-08-14 19:59:22.794] [145234] [HailoRT] [info] [queue_elements.cpp:800] [create] Created (UserBuffQEl0yolov8m_pose/conv77 | timeout: 10s)
[2025-08-14 19:59:22.794] [145234] [HailoRT] [info] [vstream.cpp:1114] [OutputVStreamImpl] Creating yolov8m_pose/conv77...
[2025-08-14 19:59:22.794] [145234] [HailoRT] [info] [vstream_builder.cpp:220] [create_outputs] Output pipeline 'yolov8m_pose/conv77': HW >> (HwReadEl0yolov8m_pose/conv77 | hw_frame_size: 179200) >> (PullQEl_hw_read0yolov8m_pose/conv77) >> (PostInferEl0yolov8m_pose/conv77 | Reorder - src_order: FCR, src_shape: (40, 40, 56), dst_order: FCR, dst_shape: (40, 40, 51)) >> (UserBuffQEl0yolov8m_pose/conv77 | timeout: 10s)
[2025-08-14 19:59:22.794] [145234] [HailoRT] [info] [edge_elements.cpp:287] [create] Created (HwReadEl11yolov8m_pose/conv90 | hw_frame_size: 25600)
[2025-08-14 19:59:22.794] [145234] [HailoRT] [warning] [transform.cpp:57] [should_quantize_by_type] The model compiled for type UINT8, while the dst type is UINT16. libhailort will type-cast every value which might reduce performance. Consider recompiling the model.
[2025-08-14 19:59:22.794] [145234] [HailoRT] [info] [queue_elements.cpp:657] [create] Created (PullQEl_hw_read11yolov8m_pose/conv90)
[2025-08-14 19:59:22.794] [145234] [HailoRT] [warning] [transform.cpp:57] [should_quantize_by_type] The model compiled for type UINT8, while the dst type is UINT16. libhailort will type-cast every value which might reduce performance. Consider recompiling the model.
[2025-08-14 19:59:22.794] [145234] [HailoRT] [info] [filter_elements.cpp:372] [create] Created (PostInferEl11yolov8m_pose/conv90 | Quantization - src_type: UINT8, dst_type UINT16, limvals_min: -5.78642, limvals_max: 12.4301)
[2025-08-14 19:59:22.794] [145234] [HailoRT] [info] [queue_elements.cpp:800] [create] Created (UserBuffQEl11yolov8m_pose/conv90 | timeout: 10s)
[2025-08-14 19:59:22.794] [145234] [HailoRT] [info] [vstream.cpp:1114] [OutputVStreamImpl] Creating yolov8m_pose/conv90...
[2025-08-14 19:59:22.794] [145234] [HailoRT] [info] [vstream_builder.cpp:220] [create_outputs] Output pipeline 'yolov8m_pose/conv90': HW >> (HwReadEl11yolov8m_pose/conv90 | hw_frame_size: 25600) >> (PullQEl_hw_read11yolov8m_pose/conv90) >> (PostInferEl11yolov8m_pose/conv90 | Quantization - src_type: UINT8, dst_type UINT16, limvals_min: -5.78642, limvals_max: 12.4301) >> (UserBuffQEl11yolov8m_pose/conv90 | timeout: 10s)
[2025-08-14 19:59:22.794] [145234] [HailoRT] [info] [edge_elements.cpp:287] [create] Created (HwReadEl10yolov8m_pose/conv91 | hw_frame_size: 400)
[2025-08-14 19:59:22.794] [145234] [HailoRT] [warning] [transform.cpp:57] [should_quantize_by_type] The model compiled for type UINT8, while the dst type is UINT16. libhailort will type-cast every value which might reduce performance. Consider recompiling the model.
[2025-08-14 19:59:22.794] [145234] [HailoRT] [info] [queue_elements.cpp:657] [create] Created (PullQEl_hw_read10yolov8m_pose/conv91)
[2025-08-14 19:59:22.794] [145234] [HailoRT] [warning] [transform.cpp:57] [should_quantize_by_type] The model compiled for type UINT8, while the dst type is UINT16. libhailort will type-cast every value which might reduce performance. Consider recompiling the model.
[2025-08-14 19:59:22.795] [145234] [HailoRT] [info] [filter_elements.cpp:372] [create] Created (PostInferEl10yolov8m_pose/conv91 | Quantization - src_type: UINT8, dst_type UINT16, limvals_min: 0, limvals_max: 1)
[2025-08-14 19:59:22.795] [145234] [HailoRT] [info] [queue_elements.cpp:800] [create] Created (UserBuffQEl10yolov8m_pose/conv91 | timeout: 10s)
[2025-08-14 19:59:22.795] [145234] [HailoRT] [info] [vstream.cpp:1114] [OutputVStreamImpl] Creating yolov8m_pose/conv91...
[2025-08-14 19:59:22.795] [145234] [HailoRT] [info] [vstream_builder.cpp:220] [create_outputs] Output pipeline 'yolov8m_pose/conv91': HW >> (HwReadEl10yolov8m_pose/conv91 | hw_frame_size: 400) >> (PullQEl_hw_read10yolov8m_pose/conv91) >> (PostInferEl10yolov8m_pose/conv91 | Quantization - src_type: UINT8, dst_type UINT16, limvals_min: 0, limvals_max: 1) >> (UserBuffQEl10yolov8m_pose/conv91 | timeout: 10s)
[2025-08-14 19:59:22.795] [145234] [HailoRT] [info] [edge_elements.cpp:287] [create] Created (HwReadEl9yolov8m_pose/conv92 | hw_frame_size: 44800)
[2025-08-14 19:59:22.795] [145234] [HailoRT] [info] [queue_elements.cpp:657] [create] Created (PullQEl_hw_read9yolov8m_pose/conv92)
[2025-08-14 19:59:22.795] [145234] [HailoRT] [info] [filter_elements.cpp:372] [create] Created (PostInferEl9yolov8m_pose/conv92 | Reorder - src_order: FCR, src_shape: (20, 20, 56), dst_order: FCR, dst_shape: (20, 20, 51))
[2025-08-14 19:59:22.795] [145234] [HailoRT] [info] [queue_elements.cpp:800] [create] Created (UserBuffQEl9yolov8m_pose/conv92 | timeout: 10s)
[2025-08-14 19:59:22.795] [145234] [HailoRT] [info] [vstream.cpp:1114] [OutputVStreamImpl] Creating yolov8m_pose/conv92...
[2025-08-14 19:59:22.795] [145234] [HailoRT] [info] [vstream_builder.cpp:220] [create_outputs] Output pipeline 'yolov8m_pose/conv92': HW >> (HwReadEl9yolov8m_pose/conv92 | hw_frame_size: 44800) >> (PullQEl_hw_read9yolov8m_pose/conv92) >> (PostInferEl9yolov8m_pose/conv92 | Reorder - src_order: FCR, src_shape: (20, 20, 56), dst_order: FCR, dst_shape: (20, 20, 51)) >> (UserBuffQEl9yolov8m_pose/conv92 | timeout: 10s)
[2025-08-14 19:59:22.796] [145234] [HailoRT] [info] [core_op.cpp:156] [activate] Activating yolov8m_pose took 0.92698 milliseconds. Note that the function is asynchronous and thus the network is not fully activated yet.
[2025-08-14 19:59:22.796] [145234] [HailoRT] [info] [core_op.cpp:156] [activate] Activating yolov8m_pose took 0.959 milliseconds. Note that the function is asynchronous and thus the network is not fully activated yet.
[2025-08-14 19:59:22.797] [145234] [HailoRT] [info] [hef.cpp:1994] [get_network_group_and_network_name] No name was given. Addressing all networks of default network_group: yolov8m_pose
[2025-08-14 19:59:22.813] [145234] [HailoRT] [info] [hef.cpp:1994] [get_network_group_and_network_name] No name was given. Addressing all networks of default network_group: yolov8m_pose
[2025-08-14 19:59:22.813] [145234] [HailoRT] [info] [hef.cpp:1994] [get_network_group_and_network_name] No name was given. Addressing all networks of default network_group: yolov8m_pose
[2025-08-14 19:59:22.814] [162572] [HailoRT] [info] [vdevice_native_stream.cpp:331] [read_impl] Failed read from stream HAILO_STREAM_NOT_ACTIVATED(72) (device: 0000:03:00.0)
[2025-08-14 19:59:22.814] [162574] [HailoRT] [info] [vdevice_native_stream.cpp:331] [read_impl] Failed read from stream HAILO_STREAM_NOT_ACTIVATED(72) (device: 0000:03:00.0)
[2025-08-14 19:59:22.814] [162580] [HailoRT] [info] [vdevice_native_stream.cpp:331] [read_impl] Failed read from stream HAILO_STREAM_NOT_ACTIVATED(72) (device: 0000:03:00.0)
[2025-08-14 19:59:22.814] [162586] [HailoRT] [info] [vdevice_native_stream.cpp:331] [read_impl] Failed read from stream HAILO_STREAM_NOT_ACTIVATED(72) (device: 0000:03:00.0)
[2025-08-14 19:59:22.814] [162584] [HailoRT] [info] [vdevice_native_stream.cpp:331] [read_impl] Failed read from stream HAILO_STREAM_NOT_ACTIVATED(72) (device: 0000:03:00.0)
[2025-08-14 19:59:22.814] [162578] [HailoRT] [info] [vdevice_native_stream.cpp:331] [read_impl] Failed read from stream HAILO_STREAM_NOT_ACTIVATED(72) (device: 0000:03:00.0)
[2025-08-14 19:59:22.814] [162588] [HailoRT] [info] [vdevice_native_stream.cpp:331] [read_impl] Failed read from stream HAILO_STREAM_NOT_ACTIVATED(72) (device: 0000:03:00.0)
[2025-08-14 19:59:22.814] [162576] [HailoRT] [info] [vdevice_native_stream.cpp:331] [read_impl] Failed read from stream HAILO_STREAM_NOT_ACTIVATED(72) (device: 0000:03:00.0)
[2025-08-14 19:59:22.814] [162582] [HailoRT] [info] [vdevice_native_stream.cpp:331] [read_impl] Failed read from stream HAILO_STREAM_NOT_ACTIVATED(72) (device: 0000:03:00.0)
[2025-08-14 19:59:22.815] [145234] [HailoRT] [info] [core_op.cpp:186] [deactivate] Deactivating took 1.263301 ms
[2025-08-14 19:59:22.815] [145234] [HailoRT] [info] [core_op.cpp:186] [deactivate] Deactivating took 1.296871 ms
[2025-08-14 19:59:22.815] [162572] [HailoRT] [info] [queue_elements.cpp:734] [run_in_thread] Shutdown event was signaled in run_pull of queue element PullQEl_hw_read1yolov8m_pose/conv59!
[2025-08-14 19:59:22.815] [162573] [HailoRT] [info] [queue_elements.cpp:855] [run_in_thread] Shutdown event was signaled in dequeue of UserBuffQEl1yolov8m_pose/conv59!
[2025-08-14 19:59:22.815] [162572] [HailoRT] [info] [queue_elements.cpp:68] [operator()] Thread in element PullQEl_hw_read1yolov8m_pose/conv59 is not running anymore, exiting..
[2025-08-14 19:59:22.815] [145234] [HailoRT] [info] [queue_elements.cpp:46] [~BaseQueueElement] Queue element PullQEl_hw_read1yolov8m_pose/conv59 has 0 frames in his Queue on destruction
[2025-08-14 19:59:22.815] [162573] [HailoRT] [info] [queue_elements.cpp:68] [operator()] Thread in element UserBuffQEl1yolov8m_pose/conv59 is not running anymore, exiting..
[2025-08-14 19:59:22.815] [145234] [HailoRT] [info] [queue_elements.cpp:46] [~BaseQueueElement] Queue element UserBuffQEl1yolov8m_pose/conv59 has 0 frames in his Queue on destruction
[2025-08-14 19:59:22.815] [162574] [HailoRT] [info] [queue_elements.cpp:734] [run_in_thread] Shutdown event was signaled in run_pull of queue element PullQEl_hw_read3yolov8m_pose/conv60!
[2025-08-14 19:59:22.815] [162575] [HailoRT] [info] [queue_elements.cpp:855] [run_in_thread] Shutdown event was signaled in dequeue of UserBuffQEl3yolov8m_pose/conv60!
[2025-08-14 19:59:22.815] [162574] [HailoRT] [info] [queue_elements.cpp:68] [operator()] Thread in element PullQEl_hw_read3yolov8m_pose/conv60 is not running anymore, exiting..
[2025-08-14 19:59:22.815] [145234] [HailoRT] [info] [queue_elements.cpp:46] [~BaseQueueElement] Queue element PullQEl_hw_read3yolov8m_pose/conv60 has 0 frames in his Queue on destruction
[2025-08-14 19:59:22.815] [162575] [HailoRT] [info] [queue_elements.cpp:68] [operator()] Thread in element UserBuffQEl3yolov8m_pose/conv60 is not running anymore, exiting..
[2025-08-14 19:59:22.815] [145234] [HailoRT] [info] [queue_elements.cpp:46] [~BaseQueueElement] Queue element UserBuffQEl3yolov8m_pose/conv60 has 0 frames in his Queue on destruction
[2025-08-14 19:59:22.815] [162576] [HailoRT] [info] [queue_elements.cpp:734] [run_in_thread] Shutdown event was signaled in run_pull of queue element PullQEl_hw_read2yolov8m_pose/conv61!
[2025-08-14 19:59:22.815] [162577] [HailoRT] [info] [queue_elements.cpp:855] [run_in_thread] Shutdown event was signaled in dequeue of UserBuffQEl2yolov8m_pose/conv61!
[2025-08-14 19:59:22.815] [162576] [HailoRT] [info] [queue_elements.cpp:68] [operator()] Thread in element PullQEl_hw_read2yolov8m_pose/conv61 is not running anymore, exiting..
[2025-08-14 19:59:22.815] [145234] [HailoRT] [info] [queue_elements.cpp:46] [~BaseQueueElement] Queue element PullQEl_hw_read2yolov8m_pose/conv61 has 0 frames in his Queue on destruction
[2025-08-14 19:59:22.815] [162577] [HailoRT] [info] [queue_elements.cpp:68] [operator()] Thread in element UserBuffQEl2yolov8m_pose/conv61 is not running anymore, exiting..
[2025-08-14 19:59:22.816] [145234] [HailoRT] [info] [queue_elements.cpp:46] [~BaseQueueElement] Queue element UserBuffQEl2yolov8m_pose/conv61 has 0 frames in his Queue on destruction
[2025-08-14 19:59:22.816] [162579] [HailoRT] [info] [queue_elements.cpp:855] [run_in_thread] Shutdown event was signaled in dequeue of UserBuffQEl8yolov8m_pose/conv75!
[2025-08-14 19:59:22.816] [162578] [HailoRT] [info] [queue_elements.cpp:734] [run_in_thread] Shutdown event was signaled in run_pull of queue element PullQEl_hw_read8yolov8m_pose/conv75!
[2025-08-14 19:59:22.816] [162578] [HailoRT] [info] [queue_elements.cpp:68] [operator()] Thread in element PullQEl_hw_read8yolov8m_pose/conv75 is not running anymore, exiting..
[2025-08-14 19:59:22.816] [145234] [HailoRT] [info] [queue_elements.cpp:46] [~BaseQueueElement] Queue element PullQEl_hw_read8yolov8m_pose/conv75 has 0 frames in his Queue on destruction
[2025-08-14 19:59:22.816] [162579] [HailoRT] [info] [queue_elements.cpp:68] [operator()] Thread in element UserBuffQEl8yolov8m_pose/conv75 is not running anymore, exiting..
[2025-08-14 19:59:22.816] [145234] [HailoRT] [info] [queue_elements.cpp:46] [~BaseQueueElement] Queue element UserBuffQEl8yolov8m_pose/conv75 has 0 frames in his Queue on destruction
[2025-08-14 19:59:22.816] [162581] [HailoRT] [info] [queue_elements.cpp:855] [run_in_thread] Shutdown event was signaled in dequeue of UserBuffQEl5yolov8m_pose/conv76!
[2025-08-14 19:59:22.816] [162580] [HailoRT] [info] [queue_elements.cpp:734] [run_in_thread] Shutdown event was signaled in run_pull of queue element PullQEl_hw_read5yolov8m_pose/conv76!
[2025-08-14 19:59:22.816] [162580] [HailoRT] [info] [queue_elements.cpp:68] [operator()] Thread in element PullQEl_hw_read5yolov8m_pose/conv76 is not running anymore, exiting..
[2025-08-14 19:59:22.816] [145234] [HailoRT] [info] [queue_elements.cpp:46] [~BaseQueueElement] Queue element PullQEl_hw_read5yolov8m_pose/conv76 has 0 frames in his Queue on destruction
[2025-08-14 19:59:22.816] [162581] [HailoRT] [info] [queue_elements.cpp:68] [operator()] Thread in element UserBuffQEl5yolov8m_pose/conv76 is not running anymore, exiting..
[2025-08-14 19:59:22.816] [145234] [HailoRT] [info] [queue_elements.cpp:46] [~BaseQueueElement] Queue element UserBuffQEl5yolov8m_pose/conv76 has 0 frames in his Queue on destruction
[2025-08-14 19:59:22.816] [162582] [HailoRT] [info] [queue_elements.cpp:734] [run_in_thread] Shutdown event was signaled in run_pull of queue element PullQEl_hw_read0yolov8m_pose/conv77!
[2025-08-14 19:59:22.816] [162583] [HailoRT] [info] [queue_elements.cpp:855] [run_in_thread] Shutdown event was signaled in dequeue of UserBuffQEl0yolov8m_pose/conv77!
[2025-08-14 19:59:22.816] [162582] [HailoRT] [info] [queue_elements.cpp:68] [operator()] Thread in element PullQEl_hw_read0yolov8m_pose/conv77 is not running anymore, exiting..
[2025-08-14 19:59:22.816] [145234] [HailoRT] [info] [queue_elements.cpp:46] [~BaseQueueElement] Queue element PullQEl_hw_read0yolov8m_pose/conv77 has 0 frames in his Queue on destruction
[2025-08-14 19:59:22.816] [162583] [HailoRT] [info] [queue_elements.cpp:68] [operator()] Thread in element UserBuffQEl0yolov8m_pose/conv77 is not running anymore, exiting..
[2025-08-14 19:59:22.816] [145234] [HailoRT] [info] [queue_elements.cpp:46] [~BaseQueueElement] Queue element UserBuffQEl0yolov8m_pose/conv77 has 0 frames in his Queue on destruction
[2025-08-14 19:59:22.816] [162584] [HailoRT] [info] [queue_elements.cpp:734] [run_in_thread] Shutdown event was signaled in run_pull of queue element PullQEl_hw_read11yolov8m_pose/conv90!
[2025-08-14 19:59:22.816] [162585] [HailoRT] [info] [queue_elements.cpp:855] [run_in_thread] Shutdown event was signaled in dequeue of UserBuffQEl11yolov8m_pose/conv90!
[2025-08-14 19:59:22.816] [162584] [HailoRT] [info] [queue_elements.cpp:68] [operator()] Thread in element PullQEl_hw_read11yolov8m_pose/conv90 is not running anymore, exiting..
[2025-08-14 19:59:22.816] [145234] [HailoRT] [info] [queue_elements.cpp:46] [~BaseQueueElement] Queue element PullQEl_hw_read11yolov8m_pose/conv90 has 0 frames in his Queue on destruction
[2025-08-14 19:59:22.816] [162585] [HailoRT] [info] [queue_elements.cpp:68] [operator()] Thread in element UserBuffQEl11yolov8m_pose/conv90 is not running anymore, exiting..
[2025-08-14 19:59:22.816] [145234] [HailoRT] [info] [queue_elements.cpp:46] [~BaseQueueElement] Queue element UserBuffQEl11yolov8m_pose/conv90 has 0 frames in his Queue on destruction
[2025-08-14 19:59:22.816] [162586] [HailoRT] [info] [queue_elements.cpp:734] [run_in_thread] Shutdown event was signaled in run_pull of queue element PullQEl_hw_read10yolov8m_pose/conv91!
[2025-08-14 19:59:22.816] [162587] [HailoRT] [info] [queue_elements.cpp:855] [run_in_thread] Shutdown event was signaled in dequeue of UserBuffQEl10yolov8m_pose/conv91!
[2025-08-14 19:59:22.816] [162586] [HailoRT] [info] [queue_elements.cpp:68] [operator()] Thread in element PullQEl_hw_read10yolov8m_pose/conv91 is not running anymore, exiting..
[2025-08-14 19:59:22.816] [145234] [HailoRT] [info] [queue_elements.cpp:46] [~BaseQueueElement] Queue element PullQEl_hw_read10yolov8m_pose/conv91 has 0 frames in his Queue on destruction
[2025-08-14 19:59:22.816] [162587] [HailoRT] [info] [queue_elements.cpp:68] [operator()] Thread in element UserBuffQEl10yolov8m_pose/conv91 is not running anymore, exiting..
[2025-08-14 19:59:22.816] [145234] [HailoRT] [info] [queue_elements.cpp:46] [~BaseQueueElement] Queue element UserBuffQEl10yolov8m_pose/conv91 has 0 frames in his Queue on destruction
[2025-08-14 19:59:22.816] [162588] [HailoRT] [info] [queue_elements.cpp:734] [run_in_thread] Shutdown event was signaled in run_pull of queue element PullQEl_hw_read9yolov8m_pose/conv92!
[2025-08-14 19:59:22.816] [162589] [HailoRT] [info] [queue_elements.cpp:855] [run_in_thread] Shutdown event was signaled in dequeue of UserBuffQEl9yolov8m_pose/conv92!
[2025-08-14 19:59:22.816] [162588] [HailoRT] [info] [queue_elements.cpp:68] [operator()] Thread in element PullQEl_hw_read9yolov8m_pose/conv92 is not running anymore, exiting..
[2025-08-14 19:59:22.817] [145234] [HailoRT] [info] [queue_elements.cpp:46] [~BaseQueueElement] Queue element PullQEl_hw_read9yolov8m_pose/conv92 has 0 frames in his Queue on destruction
[2025-08-14 19:59:22.817] [162589] [HailoRT] [info] [queue_elements.cpp:68] [operator()] Thread in element UserBuffQEl9yolov8m_pose/conv92 is not running anymore, exiting..
[2025-08-14 19:59:22.817] [145234] [HailoRT] [info] [queue_elements.cpp:46] [~BaseQueueElement] Queue element UserBuffQEl9yolov8m_pose/conv92 has 0 frames in his Queue on destruction
[2025-08-14 19:59:22.938] [145234] [HailoRT] [info] [vdevice.cpp:535] [create] Creating vdevice with params: device_count: 1, scheduling_algorithm: NONE, multi_process_service: false
[2025-08-14 19:59:22.950] [145234] [HailoRT] [info] [device.cpp:51] [Device] OS Version: Linux 6.5.0-44-generic #44~22.04.1-Ubuntu SMP PREEMPT_DYNAMIC Tue Jun 18 14:36:16 UTC 2 x86_64
[2025-08-14 19:59:22.951] [145234] [HailoRT] [info] [control.cpp:113] [control__parse_identify_results] firmware_version is: 4.22.0
[2025-08-14 19:59:22.951] [145234] [HailoRT] [info] [vdevice.cpp:682] [create] VDevice Infos: 0000:03:00.0
[2025-08-14 19:59:22.961] [145234] [HailoRT] [info] [buffer_requirements.cpp:198] [find_initial_desc_page_size] Using non-default initial_desc_page_size of 64, due to a small transfer size (8)
[2025-08-14 19:59:22.961] [145234] [HailoRT] [info] [internal_buffer_manager.cpp:75] [print_execution_results] Default Internal buffer planner failed to meet requirements
[2025-08-14 19:59:22.961] [145234] [HailoRT] [info] [internal_buffer_manager.cpp:86] [print_execution_results] Default Internal buffer planner executed successfully
[2025-08-14 19:59:22.970] [145234] [HailoRT] [info] [device_internal.cpp:57] [configure] Configuring HEF took 13.587526 milliseconds
[2025-08-14 19:59:22.970] [145234] [HailoRT] [info] [vdevice.cpp:780] [configure] Configuring HEF on VDevice took 13.909357 milliseconds
[2025-08-14 19:59:22.970] [145234] [HailoRT] [info] [hef.cpp:1994] [get_network_group_and_network_name] No name was given. Addressing all networks of default network_group: mobilenet
[2025-08-14 19:59:22.970] [145234] [HailoRT] [info] [hef.cpp:1994] [get_network_group_and_network_name] No name was given. Addressing all networks of default network_group: mobilenet
[2025-08-14 19:59:22.977] [145234] [HailoRT] [info] [edge_elements.cpp:52] [create] Created (HwWriteEl1mobilenet/input_layer1 | hw_frame_size: 150528)
[2025-08-14 19:59:22.977] [145234] [HailoRT] [info] [vstream.cpp:754] [InputVStreamImpl] Creating mobilenet/input_layer1...
[2025-08-14 19:59:22.977] [145234] [HailoRT] [info] [vstream_builder.cpp:102] [create_inputs] Input pipeline 'mobilenet/input_layer1': (HwWriteEl1mobilenet/input_layer1 | hw_frame_size: 150528) >> HW
[2025-08-14 19:59:22.977] [145234] [HailoRT] [info] [edge_elements.cpp:287] [create] Created (HwReadEl0mobilenet/fc18 | hw_frame_size: 8)
[2025-08-14 19:59:22.977] [145234] [HailoRT] [info] [queue_elements.cpp:657] [create] Created (PullQEl_hw_read0mobilenet/fc18)
[2025-08-14 19:59:22.977] [145234] [HailoRT] [info] [filter_elements.cpp:372] [create] Created (PostInferEl0mobilenet/fc18 | Padding Periph shape - src_shape: (1, 1, 2), dst_shape: (1, 1, 2))
[2025-08-14 19:59:22.978] [145234] [HailoRT] [info] [queue_elements.cpp:800] [create] Created (UserBuffQEl0mobilenet/fc18 | timeout: 10s)
[2025-08-14 19:59:22.978] [145234] [HailoRT] [info] [vstream.cpp:1114] [OutputVStreamImpl] Creating mobilenet/fc18...
[2025-08-14 19:59:22.978] [145234] [HailoRT] [info] [vstream_builder.cpp:220] [create_outputs] Output pipeline 'mobilenet/fc18': HW >> (HwReadEl0mobilenet/fc18 | hw_frame_size: 8) >> (PullQEl_hw_read0mobilenet/fc18) >> (PostInferEl0mobilenet/fc18 | Padding Periph shape - src_shape: (1, 1, 2), dst_shape: (1, 1, 2)) >> (UserBuffQEl0mobilenet/fc18 | timeout: 10s)
[2025-08-14 19:59:22.978] [145234] [HailoRT] [info] [core_op.cpp:156] [activate] Activating mobilenet took 0.260743 milliseconds. Note that the function is asynchronous and thus the network is not fully activated yet.
[2025-08-14 19:59:22.978] [145234] [HailoRT] [info] [core_op.cpp:156] [activate] Activating mobilenet took 0.271395 milliseconds. Note that the function is asynchronous and thus the network is not fully activated yet.
[2025-08-14 19:59:22.990] [162604] [HailoRT] [info] [vdevice_native_stream.cpp:331] [read_impl] Failed read from stream HAILO_STREAM_NOT_ACTIVATED(72) (device: 0000:03:00.0)
[2025-08-14 19:59:22.990] [145234] [HailoRT] [info] [core_op.cpp:186] [deactivate] Deactivating took 0.45005 ms
[2025-08-14 19:59:22.990] [145234] [HailoRT] [info] [core_op.cpp:186] [deactivate] Deactivating took 0.464562 ms
[2025-08-14 19:59:22.990] [162604] [HailoRT] [info] [queue_elements.cpp:734] [run_in_thread] Shutdown event was signaled in run_pull of queue element PullQEl_hw_read0mobilenet/fc18!
[2025-08-14 19:59:22.990] [162605] [HailoRT] [info] [queue_elements.cpp:855] [run_in_thread] Shutdown event was signaled in dequeue of UserBuffQEl0mobilenet/fc18!
[2025-08-14 19:59:22.990] [162604] [HailoRT] [info] [queue_elements.cpp:68] [operator()] Thread in element PullQEl_hw_read0mobilenet/fc18 is not running anymore, exiting..
[2025-08-14 19:59:22.990] [145234] [HailoRT] [info] [queue_elements.cpp:46] [~BaseQueueElement] Queue element PullQEl_hw_read0mobilenet/fc18 has 0 frames in his Queue on destruction
[2025-08-14 19:59:22.990] [162605] [HailoRT] [info] [queue_elements.cpp:68] [operator()] Thread in element UserBuffQEl0mobilenet/fc18 is not running anymore, exiting..
[2025-08-14 19:59:22.990] [145234] [HailoRT] [info] [queue_elements.cpp:46] [~BaseQueueElement] Queue element UserBuffQEl0mobilenet/fc18 has 0 frames in his Queue on destruction
[2025-08-14 19:59:23.111] [145234] [HailoRT] [info] [vdevice.cpp:535] [create] Creating vdevice with params: device_count: 1, scheduling_algorithm: NONE, multi_process_service: false
[2025-08-14 19:59:23.122] [145234] [HailoRT] [info] [device.cpp:51] [Device] OS Version: Linux 6.5.0-44-generic #44~22.04.1-Ubuntu SMP PREEMPT_DYNAMIC Tue Jun 18 14:36:16 UTC 2 x86_64
[2025-08-14 19:59:23.122] [145234] [HailoRT] [info] [control.cpp:113] [control__parse_identify_results] firmware_version is: 4.22.0
[2025-08-14 19:59:23.123] [145234] [HailoRT] [info] [vdevice.cpp:682] [create] VDevice Infos: 0000:03:00.0
[2025-08-14 19:59:23.149] [145234] [HailoRT] [info] [internal_buffer_manager.cpp:77] [print_execution_results] Planned internal buffer memory: CMA=0 CMA-Desc=262144 Pinned=2997248. memory to edge layer usage factor is 1
[2025-08-14 19:59:23.149] [145234] [HailoRT] [info] [internal_buffer_manager.cpp:86] [print_execution_results] Default Internal buffer planner executed successfully
[2025-08-14 19:59:23.227] [145234] [HailoRT] [info] [device_internal.cpp:57] [configure] Configuring HEF took 86.109959 milliseconds
[2025-08-14 19:59:23.227] [145234] [HailoRT] [info] [vdevice.cpp:780] [configure] Configuring HEF on VDevice took 86.627031 milliseconds
[2025-08-14 19:59:23.229] [145234] [HailoRT] [info] [edge_elements.cpp:52] [create] Created (HwWriteEl3yolov8m_pose/input_layer1 | hw_frame_size: 1228800)
[2025-08-14 19:59:23.229] [145234] [HailoRT] [info] [vstream.cpp:754] [InputVStreamImpl] Creating yolov8m_pose/input_layer1...
[2025-08-14 19:59:23.229] [145234] [HailoRT] [info] [vstream_builder.cpp:102] [create_inputs] Input pipeline 'yolov8m_pose/input_layer1': (HwWriteEl3yolov8m_pose/input_layer1 | hw_frame_size: 1228800) >> HW
[2025-08-14 19:59:23.229] [145234] [HailoRT] [info] [edge_elements.cpp:287] [create] Created (HwReadEl1yolov8m_pose/conv59 | hw_frame_size: 409600)
[2025-08-14 19:59:23.229] [145234] [HailoRT] [warning] [transform.cpp:57] [should_quantize_by_type] The model compiled for type UINT8, while the dst type is UINT16. libhailort will type-cast every value which might reduce performance. Consider recompiling the model.
[2025-08-14 19:59:23.229] [145234] [HailoRT] [info] [queue_elements.cpp:657] [create] Created (PullQEl_hw_read1yolov8m_pose/conv59)
[2025-08-14 19:59:23.229] [145234] [HailoRT] [warning] [transform.cpp:57] [should_quantize_by_type] The model compiled for type UINT8, while the dst type is UINT16. libhailort will type-cast every value which might reduce performance. Consider recompiling the model.
[2025-08-14 19:59:23.230] [145234] [HailoRT] [info] [filter_elements.cpp:372] [create] Created (PostInferEl1yolov8m_pose/conv59 | Quantization - src_type: UINT8, dst_type UINT16, limvals_min: -5.99085, limvals_max: 14.9361)
[2025-08-14 19:59:23.230] [145234] [HailoRT] [info] [queue_elements.cpp:800] [create] Created (UserBuffQEl1yolov8m_pose/conv59 | timeout: 10s)
[2025-08-14 19:59:23.230] [145234] [HailoRT] [info] [vstream.cpp:1114] [OutputVStreamImpl] Creating yolov8m_pose/conv59...
[2025-08-14 19:59:23.230] [145234] [HailoRT] [info] [vstream_builder.cpp:220] [create_outputs] Output pipeline 'yolov8m_pose/conv59': HW >> (HwReadEl1yolov8m_pose/conv59 | hw_frame_size: 409600) >> (PullQEl_hw_read1yolov8m_pose/conv59) >> (PostInferEl1yolov8m_pose/conv59 | Quantization - src_type: UINT8, dst_type UINT16, limvals_min: -5.99085, limvals_max: 14.9361) >> (UserBuffQEl1yolov8m_pose/conv59 | timeout: 10s)
[2025-08-14 19:59:23.230] [145234] [HailoRT] [info] [edge_elements.cpp:287] [create] Created (HwReadEl3yolov8m_pose/conv60 | hw_frame_size: 6400)
[2025-08-14 19:59:23.230] [145234] [HailoRT] [warning] [transform.cpp:57] [should_quantize_by_type] The model compiled for type UINT8, while the dst type is UINT16. libhailort will type-cast every value which might reduce performance. Consider recompiling the model.
[2025-08-14 19:59:23.230] [145234] [HailoRT] [info] [queue_elements.cpp:657] [create] Created (PullQEl_hw_read3yolov8m_pose/conv60)
[2025-08-14 19:59:23.230] [145234] [HailoRT] [warning] [transform.cpp:57] [should_quantize_by_type] The model compiled for type UINT8, while the dst type is UINT16. libhailort will type-cast every value which might reduce performance. Consider recompiling the model.
[2025-08-14 19:59:23.230] [145234] [HailoRT] [info] [filter_elements.cpp:372] [create] Created (PostInferEl3yolov8m_pose/conv60 | Quantization - src_type: UINT8, dst_type UINT16, limvals_min: 0, limvals_max: 1)
[2025-08-14 19:59:23.230] [145234] [HailoRT] [info] [queue_elements.cpp:800] [create] Created (UserBuffQEl3yolov8m_pose/conv60 | timeout: 10s)
[2025-08-14 19:59:23.230] [145234] [HailoRT] [info] [vstream.cpp:1114] [OutputVStreamImpl] Creating yolov8m_pose/conv60...
[2025-08-14 19:59:23.230] [145234] [HailoRT] [info] [vstream_builder.cpp:220] [create_outputs] Output pipeline 'yolov8m_pose/conv60': HW >> (HwReadEl3yolov8m_pose/conv60 | hw_frame_size: 6400) >> (PullQEl_hw_read3yolov8m_pose/conv60) >> (PostInferEl3yolov8m_pose/conv60 | Quantization - src_type: UINT8, dst_type UINT16, limvals_min: 0, limvals_max: 1) >> (UserBuffQEl3yolov8m_pose/conv60 | timeout: 10s)
[2025-08-14 19:59:23.230] [145234] [HailoRT] [info] [edge_elements.cpp:287] [create] Created (HwReadEl2yolov8m_pose/conv61 | hw_frame_size: 716800)
[2025-08-14 19:59:23.230] [145234] [HailoRT] [info] [queue_elements.cpp:657] [create] Created (PullQEl_hw_read2yolov8m_pose/conv61)
[2025-08-14 19:59:23.230] [145234] [HailoRT] [info] [filter_elements.cpp:372] [create] Created (PostInferEl2yolov8m_pose/conv61 | Reorder - src_order: FCR, src_shape: (80, 80, 56), dst_order: FCR, dst_shape: (80, 80, 51))
[2025-08-14 19:59:23.230] [145234] [HailoRT] [info] [queue_elements.cpp:800] [create] Created (UserBuffQEl2yolov8m_pose/conv61 | timeout: 10s)
[2025-08-14 19:59:23.230] [145234] [HailoRT] [info] [vstream.cpp:1114] [OutputVStreamImpl] Creating yolov8m_pose/conv61...
[2025-08-14 19:59:23.230] [145234] [HailoRT] [info] [vstream_builder.cpp:220] [create_outputs] Output pipeline 'yolov8m_pose/conv61': HW >> (HwReadEl2yolov8m_pose/conv61 | hw_frame_size: 716800) >> (PullQEl_hw_read2yolov8m_pose/conv61) >> (PostInferEl2yolov8m_pose/conv61 | Reorder - src_order: FCR, src_shape: (80, 80, 56), dst_order: FCR, dst_shape: (80, 80, 51)) >> (UserBuffQEl2yolov8m_pose/conv61 | timeout: 10s)
[2025-08-14 19:59:23.230] [145234] [HailoRT] [info] [edge_elements.cpp:287] [create] Created (HwReadEl8yolov8m_pose/conv75 | hw_frame_size: 102400)
[2025-08-14 19:59:23.230] [145234] [HailoRT] [warning] [transform.cpp:57] [should_quantize_by_type] The model compiled for type UINT8, while the dst type is UINT16. libhailort will type-cast every value which might reduce performance. Consider recompiling the model.
[2025-08-14 19:59:23.230] [145234] [HailoRT] [info] [queue_elements.cpp:657] [create] Created (PullQEl_hw_read8yolov8m_pose/conv75)
[2025-08-14 19:59:23.230] [145234] [HailoRT] [warning] [transform.cpp:57] [should_quantize_by_type] The model compiled for type UINT8, while the dst type is UINT16. libhailort will type-cast every value which might reduce performance. Consider recompiling the model.
[2025-08-14 19:59:23.230] [145234] [HailoRT] [info] [filter_elements.cpp:372] [create] Created (PostInferEl8yolov8m_pose/conv75 | Quantization - src_type: UINT8, dst_type UINT16, limvals_min: -7.00621, limvals_max: 13.5292)
[2025-08-14 19:59:23.231] [145234] [HailoRT] [info] [queue_elements.cpp:800] [create] Created (UserBuffQEl8yolov8m_pose/conv75 | timeout: 10s)
[2025-08-14 19:59:23.231] [145234] [HailoRT] [info] [vstream.cpp:1114] [OutputVStreamImpl] Creating yolov8m_pose/conv75...
[2025-08-14 19:59:23.231] [145234] [HailoRT] [info] [vstream_builder.cpp:220] [create_outputs] Output pipeline 'yolov8m_pose/conv75': HW >> (HwReadEl8yolov8m_pose/conv75 | hw_frame_size: 102400) >> (PullQEl_hw_read8yolov8m_pose/conv75) >> (PostInferEl8yolov8m_pose/conv75 | Quantization - src_type: UINT8, dst_type UINT16, limvals_min: -7.00621, limvals_max: 13.5292) >> (UserBuffQEl8yolov8m_pose/conv75 | timeout: 10s)
[2025-08-14 19:59:23.231] [145234] [HailoRT] [info] [edge_elements.cpp:287] [create] Created (HwReadEl5yolov8m_pose/conv76 | hw_frame_size: 1600)
[2025-08-14 19:59:23.231] [145234] [HailoRT] [warning] [transform.cpp:57] [should_quantize_by_type] The model compiled for type UINT8, while the dst type is UINT16. libhailort will type-cast every value which might reduce performance. Consider recompiling the model.
[2025-08-14 19:59:23.231] [145234] [HailoRT] [info] [queue_elements.cpp:657] [create] Created (PullQEl_hw_read5yolov8m_pose/conv76)
[2025-08-14 19:59:23.231] [145234] [HailoRT] [warning] [transform.cpp:57] [should_quantize_by_type] The model compiled for type UINT8, while the dst type is UINT16. libhailort will type-cast every value which might reduce performance. Consider recompiling the model.
[2025-08-14 19:59:23.231] [145234] [HailoRT] [info] [filter_elements.cpp:372] [create] Created (PostInferEl5yolov8m_pose/conv76 | Quantization - src_type: UINT8, dst_type UINT16, limvals_min: 0, limvals_max: 1)
[2025-08-14 19:59:23.231] [145234] [HailoRT] [info] [queue_elements.cpp:800] [create] Created (UserBuffQEl5yolov8m_pose/conv76 | timeout: 10s)
[2025-08-14 19:59:23.231] [145234] [HailoRT] [info] [vstream.cpp:1114] [OutputVStreamImpl] Creating yolov8m_pose/conv76...
[2025-08-14 19:59:23.231] [145234] [HailoRT] [info] [vstream_builder.cpp:220] [create_outputs] Output pipeline 'yolov8m_pose/conv76': HW >> (HwReadEl5yolov8m_pose/conv76 | hw_frame_size: 1600) >> (PullQEl_hw_read5yolov8m_pose/conv76) >> (PostInferEl5yolov8m_pose/conv76 | Quantization - src_type: UINT8, dst_type UINT16, limvals_min: 0, limvals_max: 1) >> (UserBuffQEl5yolov8m_pose/conv76 | timeout: 10s)
[2025-08-14 19:59:23.231] [145234] [HailoRT] [info] [edge_elements.cpp:287] [create] Created (HwReadEl0yolov8m_pose/conv77 | hw_frame_size: 179200)
[2025-08-14 19:59:23.231] [145234] [HailoRT] [info] [queue_elements.cpp:657] [create] Created (PullQEl_hw_read0yolov8m_pose/conv77)
[2025-08-14 19:59:23.231] [145234] [HailoRT] [info] [filter_elements.cpp:372] [create] Created (PostInferEl0yolov8m_pose/conv77 | Reorder - src_order: FCR, src_shape: (40, 40, 56), dst_order: FCR, dst_shape: (40, 40, 51))
[2025-08-14 19:59:23.232] [145234] [HailoRT] [info] [queue_elements.cpp:800] [create] Created (UserBuffQEl0yolov8m_pose/conv77 | timeout: 10s)
[2025-08-14 19:59:23.232] [145234] [HailoRT] [info] [vstream.cpp:1114] [OutputVStreamImpl] Creating yolov8m_pose/conv77...
[2025-08-14 19:59:23.232] [145234] [HailoRT] [info] [vstream_builder.cpp:220] [create_outputs] Output pipeline 'yolov8m_pose/conv77': HW >> (HwReadEl0yolov8m_pose/conv77 | hw_frame_size: 179200) >> (PullQEl_hw_read0yolov8m_pose/conv77) >> (PostInferEl0yolov8m_pose/conv77 | Reorder - src_order: FCR, src_shape: (40, 40, 56), dst_order: FCR, dst_shape: (40, 40, 51)) >> (UserBuffQEl0yolov8m_pose/conv77 | timeout: 10s)
[2025-08-14 19:59:23.232] [145234] [HailoRT] [info] [edge_elements.cpp:287] [create] Created (HwReadEl11yolov8m_pose/conv90 | hw_frame_size: 25600)
[2025-08-14 19:59:23.232] [145234] [HailoRT] [warning] [transform.cpp:57] [should_quantize_by_type] The model compiled for type UINT8, while the dst type is UINT16. libhailort will type-cast every value which might reduce performance. Consider recompiling the model.
[2025-08-14 19:59:23.232] [145234] [HailoRT] [info] [queue_elements.cpp:657] [create] Created (PullQEl_hw_read11yolov8m_pose/conv90)
[2025-08-14 19:59:23.232] [145234] [HailoRT] [warning] [transform.cpp:57] [should_quantize_by_type] The model compiled for type UINT8, while the dst type is UINT16. libhailort will type-cast every value which might reduce performance. Consider recompiling the model.
[2025-08-14 19:59:23.232] [145234] [HailoRT] [info] [filter_elements.cpp:372] [create] Created (PostInferEl11yolov8m_pose/conv90 | Quantization - src_type: UINT8, dst_type UINT16, limvals_min: -5.78642, limvals_max: 12.4301)
[2025-08-14 19:59:23.232] [145234] [HailoRT] [info] [queue_elements.cpp:800] [create] Created (UserBuffQEl11yolov8m_pose/conv90 | timeout: 10s)
[2025-08-14 19:59:23.232] [145234] [HailoRT] [info] [vstream.cpp:1114] [OutputVStreamImpl] Creating yolov8m_pose/conv90...
[2025-08-14 19:59:23.232] [145234] [HailoRT] [info] [vstream_builder.cpp:220] [create_outputs] Output pipeline 'yolov8m_pose/conv90': HW >> (HwReadEl11yolov8m_pose/conv90 | hw_frame_size: 25600) >> (PullQEl_hw_read11yolov8m_pose/conv90) >> (PostInferEl11yolov8m_pose/conv90 | Quantization - src_type: UINT8, dst_type UINT16, limvals_min: -5.78642, limvals_max: 12.4301) >> (UserBuffQEl11yolov8m_pose/conv90 | timeout: 10s)
[2025-08-14 19:59:23.232] [145234] [HailoRT] [info] [edge_elements.cpp:287] [create] Created (HwReadEl10yolov8m_pose/conv91 | hw_frame_size: 400)
[2025-08-14 19:59:23.232] [145234] [HailoRT] [warning] [transform.cpp:57] [should_quantize_by_type] The model compiled for type UINT8, while the dst type is UINT16. libhailort will type-cast every value which might reduce performance. Consider recompiling the model.
[2025-08-14 19:59:23.233] [145234] [HailoRT] [info] [queue_elements.cpp:657] [create] Created (PullQEl_hw_read10yolov8m_pose/conv91)
[2025-08-14 19:59:23.233] [145234] [HailoRT] [warning] [transform.cpp:57] [should_quantize_by_type] The model compiled for type UINT8, while the dst type is UINT16. libhailort will type-cast every value which might reduce performance. Consider recompiling the model.
[2025-08-14 19:59:23.233] [145234] [HailoRT] [info] [filter_elements.cpp:372] [create] Created (PostInferEl10yolov8m_pose/conv91 | Quantization - src_type: UINT8, dst_type UINT16, limvals_min: 0, limvals_max: 1)
[2025-08-14 19:59:23.233] [145234] [HailoRT] [info] [queue_elements.cpp:800] [create] Created (UserBuffQEl10yolov8m_pose/conv91 | timeout: 10s)
[2025-08-14 19:59:23.233] [145234] [HailoRT] [info] [vstream.cpp:1114] [OutputVStreamImpl] Creating yolov8m_pose/conv91...
[2025-08-14 19:59:23.233] [145234] [HailoRT] [info] [vstream_builder.cpp:220] [create_outputs] Output pipeline 'yolov8m_pose/conv91': HW >> (HwReadEl10yolov8m_pose/conv91 | hw_frame_size: 400) >> (PullQEl_hw_read10yolov8m_pose/conv91) >> (PostInferEl10yolov8m_pose/conv91 | Quantization - src_type: UINT8, dst_type UINT16, limvals_min: 0, limvals_max: 1) >> (UserBuffQEl10yolov8m_pose/conv91 | timeout: 10s)
[2025-08-14 19:59:23.233] [145234] [HailoRT] [info] [edge_elements.cpp:287] [create] Created (HwReadEl9yolov8m_pose/conv92 | hw_frame_size: 44800)
[2025-08-14 19:59:23.233] [145234] [HailoRT] [info] [queue_elements.cpp:657] [create] Created (PullQEl_hw_read9yolov8m_pose/conv92)
[2025-08-14 19:59:23.233] [145234] [HailoRT] [info] [filter_elements.cpp:372] [create] Created (PostInferEl9yolov8m_pose/conv92 | Reorder - src_order: FCR, src_shape: (20, 20, 56), dst_order: FCR, dst_shape: (20, 20, 51))
[2025-08-14 19:59:23.234] [145234] [HailoRT] [info] [queue_elements.cpp:800] [create] Created (UserBuffQEl9yolov8m_pose/conv92 | timeout: 10s)
[2025-08-14 19:59:23.234] [145234] [HailoRT] [info] [vstream.cpp:1114] [OutputVStreamImpl] Creating yolov8m_pose/conv92...
[2025-08-14 19:59:23.234] [145234] [HailoRT] [info] [vstream_builder.cpp:220] [create_outputs] Output pipeline 'yolov8m_pose/conv92': HW >> (HwReadEl9yolov8m_pose/conv92 | hw_frame_size: 44800) >> (PullQEl_hw_read9yolov8m_pose/conv92) >> (PostInferEl9yolov8m_pose/conv92 | Reorder - src_order: FCR, src_shape: (20, 20, 56), dst_order: FCR, dst_shape: (20, 20, 51)) >> (UserBuffQEl9yolov8m_pose/conv92 | timeout: 10s)
[2025-08-14 19:59:23.235] [145234] [HailoRT] [info] [core_op.cpp:156] [activate] Activating yolov8m_pose took 0.959201 milliseconds. Note that the function is asynchronous and thus the network is not fully activated yet.
[2025-08-14 19:59:23.235] [145234] [HailoRT] [info] [core_op.cpp:156] [activate] Activating yolov8m_pose took 0.985064 milliseconds. Note that the function is asynchronous and thus the network is not fully activated yet.
[2025-08-14 19:59:23.235] [145234] [HailoRT] [info] [hef.cpp:1994] [get_network_group_and_network_name] No name was given. Addressing all networks of default network_group: yolov8m_pose
[2025-08-14 19:59:23.251] [145234] [HailoRT] [info] [hef.cpp:1994] [get_network_group_and_network_name] No name was given. Addressing all networks of default network_group: yolov8m_pose
[2025-08-14 19:59:23.251] [145234] [HailoRT] [info] [hef.cpp:1994] [get_network_group_and_network_name] No name was given. Addressing all networks of default network_group: yolov8m_pose
[2025-08-14 19:59:23.252] [162619] [HailoRT] [info] [vdevice_native_stream.cpp:331] [read_impl] Failed read from stream HAILO_STREAM_NOT_ACTIVATED(72) (device: 0000:03:00.0)
[2025-08-14 19:59:23.252] [162617] [HailoRT] [info] [vdevice_native_stream.cpp:331] [read_impl] Failed read from stream HAILO_STREAM_NOT_ACTIVATED(72) (device: 0000:03:00.0)
[2025-08-14 19:59:23.252] [162621] [HailoRT] [info] [vdevice_native_stream.cpp:331] [read_impl] Failed read from stream HAILO_STREAM_NOT_ACTIVATED(72) (device: 0000:03:00.0)
[2025-08-14 19:59:23.252] [162627] [HailoRT] [info] [vdevice_native_stream.cpp:331] [read_impl] Failed read from stream HAILO_STREAM_NOT_ACTIVATED(72) (device: 0000:03:00.0)
[2025-08-14 19:59:23.252] [162625] [HailoRT] [info] [vdevice_native_stream.cpp:331] [read_impl] Failed read from stream HAILO_STREAM_NOT_ACTIVATED(72) (device: 0000:03:00.0)
[2025-08-14 19:59:23.252] [162613] [HailoRT] [info] [vdevice_native_stream.cpp:331] [read_impl] Failed read from stream HAILO_STREAM_NOT_ACTIVATED(72) (device: 0000:03:00.0)
[2025-08-14 19:59:23.252] [162623] [HailoRT] [info] [vdevice_native_stream.cpp:331] [read_impl] Failed read from stream HAILO_STREAM_NOT_ACTIVATED(72) (device: 0000:03:00.0)
[2025-08-14 19:59:23.252] [162629] [HailoRT] [info] [vdevice_native_stream.cpp:331] [read_impl] Failed read from stream HAILO_STREAM_NOT_ACTIVATED(72) (device: 0000:03:00.0)
[2025-08-14 19:59:23.252] [145234] [HailoRT] [info] [core_op.cpp:186] [deactivate] Deactivating took 0.762342 ms
[2025-08-14 19:59:23.252] [145234] [HailoRT] [info] [core_op.cpp:186] [deactivate] Deactivating took 0.794577 ms
[2025-08-14 19:59:23.252] [162613] [HailoRT] [info] [queue_elements.cpp:734] [run_in_thread] Shutdown event was signaled in run_pull of queue element PullQEl_hw_read1yolov8m_pose/conv59!
[2025-08-14 19:59:23.252] [162614] [HailoRT] [info] [queue_elements.cpp:855] [run_in_thread] Shutdown event was signaled in dequeue of UserBuffQEl1yolov8m_pose/conv59!
[2025-08-14 19:59:23.252] [162613] [HailoRT] [info] [queue_elements.cpp:68] [operator()] Thread in element PullQEl_hw_read1yolov8m_pose/conv59 is not running anymore, exiting..
[2025-08-14 19:59:23.252] [145234] [HailoRT] [info] [queue_elements.cpp:46] [~BaseQueueElement] Queue element PullQEl_hw_read1yolov8m_pose/conv59 has 0 frames in his Queue on destruction
[2025-08-14 19:59:23.253] [162614] [HailoRT] [info] [queue_elements.cpp:68] [operator()] Thread in element UserBuffQEl1yolov8m_pose/conv59 is not running anymore, exiting..
[2025-08-14 19:59:23.253] [145234] [HailoRT] [info] [queue_elements.cpp:46] [~BaseQueueElement] Queue element UserBuffQEl1yolov8m_pose/conv59 has 0 frames in his Queue on destruction
[2025-08-14 19:59:23.253] [162615] [HailoRT] [info] [vdevice_native_stream.cpp:331] [read_impl] Failed read from stream HAILO_STREAM_ABORT(63) (device: 0000:03:00.0)
[2025-08-14 19:59:23.253] [162615] [HailoRT] [info] [edge_elements.cpp:396] [run_pull] Reading from stream was aborted!
[2025-08-14 19:59:23.253] [162615] [HailoRT] [info] [queue_elements.cpp:738] [run_in_thread] run_pull of queue element PullQEl_hw_read3yolov8m_pose/conv60 was aborted!
[2025-08-14 19:59:23.253] [162616] [HailoRT] [info] [queue_elements.cpp:855] [run_in_thread] Shutdown event was signaled in dequeue of UserBuffQEl3yolov8m_pose/conv60!
[2025-08-14 19:59:23.253] [162615] [HailoRT] [info] [queue_elements.cpp:68] [operator()] Thread in element PullQEl_hw_read3yolov8m_pose/conv60 is not running anymore, exiting..
[2025-08-14 19:59:23.253] [145234] [HailoRT] [info] [queue_elements.cpp:46] [~BaseQueueElement] Queue element PullQEl_hw_read3yolov8m_pose/conv60 has 0 frames in his Queue on destruction
[2025-08-14 19:59:23.253] [162616] [HailoRT] [info] [queue_elements.cpp:68] [operator()] Thread in element UserBuffQEl3yolov8m_pose/conv60 is not running anymore, exiting..
[2025-08-14 19:59:23.253] [145234] [HailoRT] [info] [queue_elements.cpp:46] [~BaseQueueElement] Queue element UserBuffQEl3yolov8m_pose/conv60 has 0 frames in his Queue on destruction
[2025-08-14 19:59:23.253] [162617] [HailoRT] [info] [queue_elements.cpp:734] [run_in_thread] Shutdown event was signaled in run_pull of queue element PullQEl_hw_read2yolov8m_pose/conv61!
[2025-08-14 19:59:23.253] [162618] [HailoRT] [info] [queue_elements.cpp:855] [run_in_thread] Shutdown event was signaled in dequeue of UserBuffQEl2yolov8m_pose/conv61!
[2025-08-14 19:59:23.253] [162617] [HailoRT] [info] [queue_elements.cpp:68] [operator()] Thread in element PullQEl_hw_read2yolov8m_pose/conv61 is not running anymore, exiting..
[2025-08-14 19:59:23.253] [145234] [HailoRT] [info] [queue_elements.cpp:46] [~BaseQueueElement] Queue element PullQEl_hw_read2yolov8m_pose/conv61 has 0 frames in his Queue on destruction
[2025-08-14 19:59:23.253] [162618] [HailoRT] [info] [queue_elements.cpp:68] [operator()] Thread in element UserBuffQEl2yolov8m_pose/conv61 is not running anymore, exiting..
[2025-08-14 19:59:23.253] [145234] [HailoRT] [info] [queue_elements.cpp:46] [~BaseQueueElement] Queue element UserBuffQEl2yolov8m_pose/conv61 has 0 frames in his Queue on destruction
[2025-08-14 19:59:23.253] [162619] [HailoRT] [info] [queue_elements.cpp:734] [run_in_thread] Shutdown event was signaled in run_pull of queue element PullQEl_hw_read8yolov8m_pose/conv75!
[2025-08-14 19:59:23.253] [162620] [HailoRT] [info] [queue_elements.cpp:855] [run_in_thread] Shutdown event was signaled in dequeue of UserBuffQEl8yolov8m_pose/conv75!
[2025-08-14 19:59:23.253] [162619] [HailoRT] [info] [queue_elements.cpp:68] [operator()] Thread in element PullQEl_hw_read8yolov8m_pose/conv75 is not running anymore, exiting..
[2025-08-14 19:59:23.253] [145234] [HailoRT] [info] [queue_elements.cpp:46] [~BaseQueueElement] Queue element PullQEl_hw_read8yolov8m_pose/conv75 has 0 frames in his Queue on destruction
[2025-08-14 19:59:23.253] [162620] [HailoRT] [info] [queue_elements.cpp:68] [operator()] Thread in element UserBuffQEl8yolov8m_pose/conv75 is not running anymore, exiting..
[2025-08-14 19:59:23.253] [145234] [HailoRT] [info] [queue_elements.cpp:46] [~BaseQueueElement] Queue element UserBuffQEl8yolov8m_pose/conv75 has 0 frames in his Queue on destruction
[2025-08-14 19:59:23.253] [162622] [HailoRT] [info] [queue_elements.cpp:855] [run_in_thread] Shutdown event was signaled in dequeue of UserBuffQEl5yolov8m_pose/conv76!
[2025-08-14 19:59:23.253] [162621] [HailoRT] [info] [queue_elements.cpp:734] [run_in_thread] Shutdown event was signaled in run_pull of queue element PullQEl_hw_read5yolov8m_pose/conv76!
[2025-08-14 19:59:23.254] [162621] [HailoRT] [info] [queue_elements.cpp:68] [operator()] Thread in element PullQEl_hw_read5yolov8m_pose/conv76 is not running anymore, exiting..
[2025-08-14 19:59:23.254] [145234] [HailoRT] [info] [queue_elements.cpp:46] [~BaseQueueElement] Queue element PullQEl_hw_read5yolov8m_pose/conv76 has 0 frames in his Queue on destruction
[2025-08-14 19:59:23.254] [162622] [HailoRT] [info] [queue_elements.cpp:68] [operator()] Thread in element UserBuffQEl5yolov8m_pose/conv76 is not running anymore, exiting..
[2025-08-14 19:59:23.254] [145234] [HailoRT] [info] [queue_elements.cpp:46] [~BaseQueueElement] Queue element UserBuffQEl5yolov8m_pose/conv76 has 0 frames in his Queue on destruction
[2025-08-14 19:59:23.254] [162623] [HailoRT] [info] [queue_elements.cpp:734] [run_in_thread] Shutdown event was signaled in run_pull of queue element PullQEl_hw_read0yolov8m_pose/conv77!
[2025-08-14 19:59:23.254] [162624] [HailoRT] [info] [queue_elements.cpp:855] [run_in_thread] Shutdown event was signaled in dequeue of UserBuffQEl0yolov8m_pose/conv77!
[2025-08-14 19:59:23.254] [162623] [HailoRT] [info] [queue_elements.cpp:68] [operator()] Thread in element PullQEl_hw_read0yolov8m_pose/conv77 is not running anymore, exiting..
[2025-08-14 19:59:23.254] [145234] [HailoRT] [info] [queue_elements.cpp:46] [~BaseQueueElement] Queue element PullQEl_hw_read0yolov8m_pose/conv77 has 0 frames in his Queue on destruction
[2025-08-14 19:59:23.254] [162624] [HailoRT] [info] [queue_elements.cpp:68] [operator()] Thread in element UserBuffQEl0yolov8m_pose/conv77 is not running anymore, exiting..
[2025-08-14 19:59:23.254] [145234] [HailoRT] [info] [queue_elements.cpp:46] [~BaseQueueElement] Queue element UserBuffQEl0yolov8m_pose/conv77 has 0 frames in his Queue on destruction
[2025-08-14 19:59:23.254] [162625] [HailoRT] [info] [queue_elements.cpp:734] [run_in_thread] Shutdown event was signaled in run_pull of queue element PullQEl_hw_read11yolov8m_pose/conv90!
[2025-08-14 19:59:23.254] [162626] [HailoRT] [info] [queue_elements.cpp:855] [run_in_thread] Shutdown event was signaled in dequeue of UserBuffQEl11yolov8m_pose/conv90!
[2025-08-14 19:59:23.254] [162625] [HailoRT] [info] [queue_elements.cpp:68] [operator()] Thread in element PullQEl_hw_read11yolov8m_pose/conv90 is not running anymore, exiting..
[2025-08-14 19:59:23.254] [145234] [HailoRT] [info] [queue_elements.cpp:46] [~BaseQueueElement] Queue element PullQEl_hw_read11yolov8m_pose/conv90 has 0 frames in his Queue on destruction
[2025-08-14 19:59:23.254] [162626] [HailoRT] [info] [queue_elements.cpp:68] [operator()] Thread in element UserBuffQEl11yolov8m_pose/conv90 is not running anymore, exiting..
[2025-08-14 19:59:23.254] [145234] [HailoRT] [info] [queue_elements.cpp:46] [~BaseQueueElement] Queue element UserBuffQEl11yolov8m_pose/conv90 has 0 frames in his Queue on destruction
[2025-08-14 19:59:23.254] [162627] [HailoRT] [info] [queue_elements.cpp:734] [run_in_thread] Shutdown event was signaled in run_pull of queue element PullQEl_hw_read10yolov8m_pose/conv91!
[2025-08-14 19:59:23.254] [162628] [HailoRT] [info] [queue_elements.cpp:855] [run_in_thread] Shutdown event was signaled in dequeue of UserBuffQEl10yolov8m_pose/conv91!
[2025-08-14 19:59:23.254] [162627] [HailoRT] [info] [queue_elements.cpp:68] [operator()] Thread in element PullQEl_hw_read10yolov8m_pose/conv91 is not running anymore, exiting..
[2025-08-14 19:59:23.254] [145234] [HailoRT] [info] [queue_elements.cpp:46] [~BaseQueueElement] Queue element PullQEl_hw_read10yolov8m_pose/conv91 has 0 frames in his Queue on destruction
[2025-08-14 19:59:23.254] [162628] [HailoRT] [info] [queue_elements.cpp:68] [operator()] Thread in element UserBuffQEl10yolov8m_pose/conv91 is not running anymore, exiting..
[2025-08-14 19:59:23.254] [145234] [HailoRT] [info] [queue_elements.cpp:46] [~BaseQueueElement] Queue element UserBuffQEl10yolov8m_pose/conv91 has 0 frames in his Queue on destruction
[2025-08-14 19:59:23.254] [162629] [HailoRT] [info] [queue_elements.cpp:734] [run_in_thread] Shutdown event was signaled in run_pull of queue element PullQEl_hw_read9yolov8m_pose/conv92!
[2025-08-14 19:59:23.254] [162630] [HailoRT] [info] [queue_elements.cpp:855] [run_in_thread] Shutdown event was signaled in dequeue of UserBuffQEl9yolov8m_pose/conv92!
[2025-08-14 19:59:23.254] [162629] [HailoRT] [info] [queue_elements.cpp:68] [operator()] Thread in element PullQEl_hw_read9yolov8m_pose/conv92 is not running anymore, exiting..
[2025-08-14 19:59:23.254] [145234] [HailoRT] [info] [queue_elements.cpp:46] [~BaseQueueElement] Queue element PullQEl_hw_read9yolov8m_pose/conv92 has 0 frames in his Queue on destruction
[2025-08-14 19:59:23.254] [162630] [HailoRT] [info] [queue_elements.cpp:68] [operator()] Thread in element UserBuffQEl9yolov8m_pose/conv92 is not running anymore, exiting..
[2025-08-14 19:59:23.254] [145234] [HailoRT] [info] [queue_elements.cpp:46] [~BaseQueueElement] Queue element UserBuffQEl9yolov8m_pose/conv92 has 0 frames in his Queue on destruction
[2025-08-14 19:59:23.374] [145234] [HailoRT] [info] [vdevice.cpp:535] [create] Creating vdevice with params: device_count: 1, scheduling_algorithm: NONE, multi_process_service: false
[2025-08-14 19:59:23.386] [145234] [HailoRT] [info] [device.cpp:51] [Device] OS Version: Linux 6.5.0-44-generic #44~22.04.1-Ubuntu SMP PREEMPT_DYNAMIC Tue Jun 18 14:36:16 UTC 2 x86_64
[2025-08-14 19:59:23.387] [145234] [HailoRT] [info] [control.cpp:113] [control__parse_identify_results] firmware_version is: 4.22.0
[2025-08-14 19:59:23.387] [145234] [HailoRT] [info] [vdevice.cpp:682] [create] VDevice Infos: 0000:03:00.0
[2025-08-14 19:59:23.396] [145234] [HailoRT] [info] [buffer_requirements.cpp:198] [find_initial_desc_page_size] Using non-default initial_desc_page_size of 64, due to a small transfer size (8)
[2025-08-14 19:59:23.396] [145234] [HailoRT] [info] [internal_buffer_manager.cpp:75] [print_execution_results] Default Internal buffer planner failed to meet requirements
[2025-08-14 19:59:23.396] [145234] [HailoRT] [info] [internal_buffer_manager.cpp:86] [print_execution_results] Default Internal buffer planner executed successfully
[2025-08-14 19:59:23.404] [145234] [HailoRT] [info] [device_internal.cpp:57] [configure] Configuring HEF took 13.71377 milliseconds
[2025-08-14 19:59:23.404] [145234] [HailoRT] [info] [vdevice.cpp:780] [configure] Configuring HEF on VDevice took 14.08433 milliseconds
[2025-08-14 19:59:23.405] [145234] [HailoRT] [info] [hef.cpp:1994] [get_network_group_and_network_name] No name was given. Addressing all networks of default network_group: mobilenet
[2025-08-14 19:59:23.405] [145234] [HailoRT] [info] [hef.cpp:1994] [get_network_group_and_network_name] No name was given. Addressing all networks of default network_group: mobilenet
[2025-08-14 19:59:23.412] [145234] [HailoRT] [info] [edge_elements.cpp:52] [create] Created (HwWriteEl1mobilenet/input_layer1 | hw_frame_size: 150528)
[2025-08-14 19:59:23.412] [145234] [HailoRT] [info] [vstream.cpp:754] [InputVStreamImpl] Creating mobilenet/input_layer1...
[2025-08-14 19:59:23.412] [145234] [HailoRT] [info] [vstream_builder.cpp:102] [create_inputs] Input pipeline 'mobilenet/input_layer1': (HwWriteEl1mobilenet/input_layer1 | hw_frame_size: 150528) >> HW
[2025-08-14 19:59:23.412] [145234] [HailoRT] [info] [edge_elements.cpp:287] [create] Created (HwReadEl0mobilenet/fc18 | hw_frame_size: 8)
[2025-08-14 19:59:23.412] [145234] [HailoRT] [info] [queue_elements.cpp:657] [create] Created (PullQEl_hw_read0mobilenet/fc18)
[2025-08-14 19:59:23.412] [145234] [HailoRT] [info] [filter_elements.cpp:372] [create] Created (PostInferEl0mobilenet/fc18 | Padding Periph shape - src_shape: (1, 1, 2), dst_shape: (1, 1, 2))
[2025-08-14 19:59:23.412] [145234] [HailoRT] [info] [queue_elements.cpp:800] [create] Created (UserBuffQEl0mobilenet/fc18 | timeout: 10s)
[2025-08-14 19:59:23.413] [145234] [HailoRT] [info] [vstream.cpp:1114] [OutputVStreamImpl] Creating mobilenet/fc18...
[2025-08-14 19:59:23.413] [145234] [HailoRT] [info] [vstream_builder.cpp:220] [create_outputs] Output pipeline 'mobilenet/fc18': HW >> (HwReadEl0mobilenet/fc18 | hw_frame_size: 8) >> (PullQEl_hw_read0mobilenet/fc18) >> (PostInferEl0mobilenet/fc18 | Padding Periph shape - src_shape: (1, 1, 2), dst_shape: (1, 1, 2)) >> (UserBuffQEl0mobilenet/fc18 | timeout: 10s)
[2025-08-14 19:59:23.413] [145234] [HailoRT] [info] [core_op.cpp:156] [activate] Activating mobilenet took 0.232632 milliseconds. Note that the function is asynchronous and thus the network is not fully activated yet.
[2025-08-14 19:59:23.413] [145234] [HailoRT] [info] [core_op.cpp:156] [activate] Activating mobilenet took 0.243027 milliseconds. Note that the function is asynchronous and thus the network is not fully activated yet.
[2025-08-14 19:59:23.425] [162645] [HailoRT] [info] [vdevice_native_stream.cpp:331] [read_impl] Failed read from stream HAILO_STREAM_NOT_ACTIVATED(72) (device: 0000:03:00.0)
[2025-08-14 19:59:23.426] [145234] [HailoRT] [info] [core_op.cpp:186] [deactivate] Deactivating took 0.545709 ms
[2025-08-14 19:59:23.426] [145234] [HailoRT] [info] [core_op.cpp:186] [deactivate] Deactivating took 0.578851 ms
[2025-08-14 19:59:23.426] [162645] [HailoRT] [info] [queue_elements.cpp:734] [run_in_thread] Shutdown event was signaled in run_pull of queue element PullQEl_hw_read0mobilenet/fc18!
[2025-08-14 19:59:23.426] [162646] [HailoRT] [info] [queue_elements.cpp:855] [run_in_thread] Shutdown event was signaled in dequeue of UserBuffQEl0mobilenet/fc18!
[2025-08-14 19:59:23.426] [162645] [HailoRT] [info] [queue_elements.cpp:68] [operator()] Thread in element PullQEl_hw_read0mobilenet/fc18 is not running anymore, exiting..
[2025-08-14 19:59:23.426] [145234] [HailoRT] [info] [queue_elements.cpp:46] [~BaseQueueElement] Queue element PullQEl_hw_read0mobilenet/fc18 has 0 frames in his Queue on destruction
[2025-08-14 19:59:23.426] [162646] [HailoRT] [info] [queue_elements.cpp:68] [operator()] Thread in element UserBuffQEl0mobilenet/fc18 is not running anymore, exiting..
[2025-08-14 19:59:23.426] [145234] [HailoRT] [info] [queue_elements.cpp:46] [~BaseQueueElement] Queue element UserBuffQEl0mobilenet/fc18 has 0 frames in his Queue on destruction
[2025-08-14 19:59:23.531] [145234] [HailoRT] [info] [vdevice.cpp:535] [create] Creating vdevice with params: device_count: 1, scheduling_algorithm: NONE, multi_process_service: false
[2025-08-14 19:59:23.544] [145234] [HailoRT] [info] [device.cpp:51] [Device] OS Version: Linux 6.5.0-44-generic #44~22.04.1-Ubuntu SMP PREEMPT_DYNAMIC Tue Jun 18 14:36:16 UTC 2 x86_64
[2025-08-14 19:59:23.545] [145234] [HailoRT] [info] [control.cpp:113] [control__parse_identify_results] firmware_version is: 4.22.0
[2025-08-14 19:59:23.545] [145234] [HailoRT] [info] [vdevice.cpp:682] [create] VDevice Infos: 0000:03:00.0
[2025-08-14 19:59:23.567] [145234] [HailoRT] [info] [internal_buffer_manager.cpp:77] [print_execution_results] Planned internal buffer memory: CMA=0 CMA-Desc=262144 Pinned=2997248. memory to edge layer usage factor is 1
[2025-08-14 19:59:23.567] [145234] [HailoRT] [info] [internal_buffer_manager.cpp:86] [print_execution_results] Default Internal buffer planner executed successfully
[2025-08-14 19:59:23.645] [145234] [HailoRT] [info] [device_internal.cpp:57] [configure] Configuring HEF took 85.084972 milliseconds
[2025-08-14 19:59:23.646] [145234] [HailoRT] [info] [vdevice.cpp:780] [configure] Configuring HEF on VDevice took 85.760199 milliseconds
[2025-08-14 19:59:23.647] [145234] [HailoRT] [info] [edge_elements.cpp:52] [create] Created (HwWriteEl3yolov8m_pose/input_layer1 | hw_frame_size: 1228800)
[2025-08-14 19:59:23.647] [145234] [HailoRT] [info] [vstream.cpp:754] [InputVStreamImpl] Creating yolov8m_pose/input_layer1...
[2025-08-14 19:59:23.647] [145234] [HailoRT] [info] [vstream_builder.cpp:102] [create_inputs] Input pipeline 'yolov8m_pose/input_layer1': (HwWriteEl3yolov8m_pose/input_layer1 | hw_frame_size: 1228800) >> HW
[2025-08-14 19:59:23.648] [145234] [HailoRT] [info] [edge_elements.cpp:287] [create] Created (HwReadEl1yolov8m_pose/conv59 | hw_frame_size: 409600)
[2025-08-14 19:59:23.648] [145234] [HailoRT] [warning] [transform.cpp:57] [should_quantize_by_type] The model compiled for type UINT8, while the dst type is UINT16. libhailort will type-cast every value which might reduce performance. Consider recompiling the model.
[2025-08-14 19:59:23.648] [145234] [HailoRT] [info] [queue_elements.cpp:657] [create] Created (PullQEl_hw_read1yolov8m_pose/conv59)
[2025-08-14 19:59:23.648] [145234] [HailoRT] [warning] [transform.cpp:57] [should_quantize_by_type] The model compiled for type UINT8, while the dst type is UINT16. libhailort will type-cast every value which might reduce performance. Consider recompiling the model.
[2025-08-14 19:59:23.649] [145234] [HailoRT] [info] [filter_elements.cpp:372] [create] Created (PostInferEl1yolov8m_pose/conv59 | Quantization - src_type: UINT8, dst_type UINT16, limvals_min: -5.99085, limvals_max: 14.9361)
[2025-08-14 19:59:23.649] [145234] [HailoRT] [info] [queue_elements.cpp:800] [create] Created (UserBuffQEl1yolov8m_pose/conv59 | timeout: 10s)
[2025-08-14 19:59:23.649] [145234] [HailoRT] [info] [vstream.cpp:1114] [OutputVStreamImpl] Creating yolov8m_pose/conv59...
[2025-08-14 19:59:23.649] [145234] [HailoRT] [info] [vstream_builder.cpp:220] [create_outputs] Output pipeline 'yolov8m_pose/conv59': HW >> (HwReadEl1yolov8m_pose/conv59 | hw_frame_size: 409600) >> (PullQEl_hw_read1yolov8m_pose/conv59) >> (PostInferEl1yolov8m_pose/conv59 | Quantization - src_type: UINT8, dst_type UINT16, limvals_min: -5.99085, limvals_max: 14.9361) >> (UserBuffQEl1yolov8m_pose/conv59 | timeout: 10s)
[2025-08-14 19:59:23.649] [145234] [HailoRT] [info] [edge_elements.cpp:287] [create] Created (HwReadEl3yolov8m_pose/conv60 | hw_frame_size: 6400)
[2025-08-14 19:59:23.649] [145234] [HailoRT] [warning] [transform.cpp:57] [should_quantize_by_type] The model compiled for type UINT8, while the dst type is UINT16. libhailort will type-cast every value which might reduce performance. Consider recompiling the model.
[2025-08-14 19:59:23.649] [145234] [HailoRT] [info] [queue_elements.cpp:657] [create] Created (PullQEl_hw_read3yolov8m_pose/conv60)
[2025-08-14 19:59:23.649] [145234] [HailoRT] [warning] [transform.cpp:57] [should_quantize_by_type] The model compiled for type UINT8, while the dst type is UINT16. libhailort will type-cast every value which might reduce performance. Consider recompiling the model.
[2025-08-14 19:59:23.649] [145234] [HailoRT] [info] [filter_elements.cpp:372] [create] Created (PostInferEl3yolov8m_pose/conv60 | Quantization - src_type: UINT8, dst_type UINT16, limvals_min: 0, limvals_max: 1)
[2025-08-14 19:59:23.649] [145234] [HailoRT] [info] [queue_elements.cpp:800] [create] Created (UserBuffQEl3yolov8m_pose/conv60 | timeout: 10s)
[2025-08-14 19:59:23.649] [145234] [HailoRT] [info] [vstream.cpp:1114] [OutputVStreamImpl] Creating yolov8m_pose/conv60...
[2025-08-14 19:59:23.649] [145234] [HailoRT] [info] [vstream_builder.cpp:220] [create_outputs] Output pipeline 'yolov8m_pose/conv60': HW >> (HwReadEl3yolov8m_pose/conv60 | hw_frame_size: 6400) >> (PullQEl_hw_read3yolov8m_pose/conv60) >> (PostInferEl3yolov8m_pose/conv60 | Quantization - src_type: UINT8, dst_type UINT16, limvals_min: 0, limvals_max: 1) >> (UserBuffQEl3yolov8m_pose/conv60 | timeout: 10s)
[2025-08-14 19:59:23.649] [145234] [HailoRT] [info] [edge_elements.cpp:287] [create] Created (HwReadEl2yolov8m_pose/conv61 | hw_frame_size: 716800)
[2025-08-14 19:59:23.649] [145234] [HailoRT] [info] [queue_elements.cpp:657] [create] Created (PullQEl_hw_read2yolov8m_pose/conv61)
[2025-08-14 19:59:23.649] [145234] [HailoRT] [info] [filter_elements.cpp:372] [create] Created (PostInferEl2yolov8m_pose/conv61 | Reorder - src_order: FCR, src_shape: (80, 80, 56), dst_order: FCR, dst_shape: (80, 80, 51))
[2025-08-14 19:59:23.649] [145234] [HailoRT] [info] [queue_elements.cpp:800] [create] Created (UserBuffQEl2yolov8m_pose/conv61 | timeout: 10s)
[2025-08-14 19:59:23.649] [145234] [HailoRT] [info] [vstream.cpp:1114] [OutputVStreamImpl] Creating yolov8m_pose/conv61...
[2025-08-14 19:59:23.649] [145234] [HailoRT] [info] [vstream_builder.cpp:220] [create_outputs] Output pipeline 'yolov8m_pose/conv61': HW >> (HwReadEl2yolov8m_pose/conv61 | hw_frame_size: 716800) >> (PullQEl_hw_read2yolov8m_pose/conv61) >> (PostInferEl2yolov8m_pose/conv61 | Reorder - src_order: FCR, src_shape: (80, 80, 56), dst_order: FCR, dst_shape: (80, 80, 51)) >> (UserBuffQEl2yolov8m_pose/conv61 | timeout: 10s)
[2025-08-14 19:59:23.650] [145234] [HailoRT] [info] [edge_elements.cpp:287] [create] Created (HwReadEl8yolov8m_pose/conv75 | hw_frame_size: 102400)
[2025-08-14 19:59:23.650] [145234] [HailoRT] [warning] [transform.cpp:57] [should_quantize_by_type] The model compiled for type UINT8, while the dst type is UINT16. libhailort will type-cast every value which might reduce performance. Consider recompiling the model.
[2025-08-14 19:59:23.650] [145234] [HailoRT] [info] [queue_elements.cpp:657] [create] Created (PullQEl_hw_read8yolov8m_pose/conv75)
[2025-08-14 19:59:23.650] [145234] [HailoRT] [warning] [transform.cpp:57] [should_quantize_by_type] The model compiled for type UINT8, while the dst type is UINT16. libhailort will type-cast every value which might reduce performance. Consider recompiling the model.
[2025-08-14 19:59:23.650] [145234] [HailoRT] [info] [filter_elements.cpp:372] [create] Created (PostInferEl8yolov8m_pose/conv75 | Quantization - src_type: UINT8, dst_type UINT16, limvals_min: -7.00621, limvals_max: 13.5292)
[2025-08-14 19:59:23.650] [145234] [HailoRT] [info] [queue_elements.cpp:800] [create] Created (UserBuffQEl8yolov8m_pose/conv75 | timeout: 10s)
[2025-08-14 19:59:23.650] [145234] [HailoRT] [info] [vstream.cpp:1114] [OutputVStreamImpl] Creating yolov8m_pose/conv75...
[2025-08-14 19:59:23.650] [145234] [HailoRT] [info] [vstream_builder.cpp:220] [create_outputs] Output pipeline 'yolov8m_pose/conv75': HW >> (HwReadEl8yolov8m_pose/conv75 | hw_frame_size: 102400) >> (PullQEl_hw_read8yolov8m_pose/conv75) >> (PostInferEl8yolov8m_pose/conv75 | Quantization - src_type: UINT8, dst_type UINT16, limvals_min: -7.00621, limvals_max: 13.5292) >> (UserBuffQEl8yolov8m_pose/conv75 | timeout: 10s)
[2025-08-14 19:59:23.650] [145234] [HailoRT] [info] [edge_elements.cpp:287] [create] Created (HwReadEl5yolov8m_pose/conv76 | hw_frame_size: 1600)
[2025-08-14 19:59:23.650] [145234] [HailoRT] [warning] [transform.cpp:57] [should_quantize_by_type] The model compiled for type UINT8, while the dst type is UINT16. libhailort will type-cast every value which might reduce performance. Consider recompiling the model.
[2025-08-14 19:59:23.650] [145234] [HailoRT] [info] [queue_elements.cpp:657] [create] Created (PullQEl_hw_read5yolov8m_pose/conv76)
[2025-08-14 19:59:23.650] [145234] [HailoRT] [warning] [transform.cpp:57] [should_quantize_by_type] The model compiled for type UINT8, while the dst type is UINT16. libhailort will type-cast every value which might reduce performance. Consider recompiling the model.
[2025-08-14 19:59:23.650] [145234] [HailoRT] [info] [filter_elements.cpp:372] [create] Created (PostInferEl5yolov8m_pose/conv76 | Quantization - src_type: UINT8, dst_type UINT16, limvals_min: 0, limvals_max: 1)
[2025-08-14 19:59:23.650] [145234] [HailoRT] [info] [queue_elements.cpp:800] [create] Created (UserBuffQEl5yolov8m_pose/conv76 | timeout: 10s)
[2025-08-14 19:59:23.650] [145234] [HailoRT] [info] [vstream.cpp:1114] [OutputVStreamImpl] Creating yolov8m_pose/conv76...
[2025-08-14 19:59:23.650] [145234] [HailoRT] [info] [vstream_builder.cpp:220] [create_outputs] Output pipeline 'yolov8m_pose/conv76': HW >> (HwReadEl5yolov8m_pose/conv76 | hw_frame_size: 1600) >> (PullQEl_hw_read5yolov8m_pose/conv76) >> (PostInferEl5yolov8m_pose/conv76 | Quantization - src_type: UINT8, dst_type UINT16, limvals_min: 0, limvals_max: 1) >> (UserBuffQEl5yolov8m_pose/conv76 | timeout: 10s)
[2025-08-14 19:59:23.650] [145234] [HailoRT] [info] [edge_elements.cpp:287] [create] Created (HwReadEl0yolov8m_pose/conv77 | hw_frame_size: 179200)
[2025-08-14 19:59:23.650] [145234] [HailoRT] [info] [queue_elements.cpp:657] [create] Created (PullQEl_hw_read0yolov8m_pose/conv77)
[2025-08-14 19:59:23.650] [145234] [HailoRT] [info] [filter_elements.cpp:372] [create] Created (PostInferEl0yolov8m_pose/conv77 | Reorder - src_order: FCR, src_shape: (40, 40, 56), dst_order: FCR, dst_shape: (40, 40, 51))
[2025-08-14 19:59:23.650] [145234] [HailoRT] [info] [queue_elements.cpp:800] [create] Created (UserBuffQEl0yolov8m_pose/conv77 | timeout: 10s)
[2025-08-14 19:59:23.650] [145234] [HailoRT] [info] [vstream.cpp:1114] [OutputVStreamImpl] Creating yolov8m_pose/conv77...
[2025-08-14 19:59:23.650] [145234] [HailoRT] [info] [vstream_builder.cpp:220] [create_outputs] Output pipeline 'yolov8m_pose/conv77': HW >> (HwReadEl0yolov8m_pose/conv77 | hw_frame_size: 179200) >> (PullQEl_hw_read0yolov8m_pose/conv77) >> (PostInferEl0yolov8m_pose/conv77 | Reorder - src_order: FCR, src_shape: (40, 40, 56), dst_order: FCR, dst_shape: (40, 40, 51)) >> (UserBuffQEl0yolov8m_pose/conv77 | timeout: 10s)
[2025-08-14 19:59:23.650] [145234] [HailoRT] [info] [edge_elements.cpp:287] [create] Created (HwReadEl11yolov8m_pose/conv90 | hw_frame_size: 25600)
[2025-08-14 19:59:23.650] [145234] [HailoRT] [warning] [transform.cpp:57] [should_quantize_by_type] The model compiled for type UINT8, while the dst type is UINT16. libhailort will type-cast every value which might reduce performance. Consider recompiling the model.
[2025-08-14 19:59:23.650] [145234] [HailoRT] [info] [queue_elements.cpp:657] [create] Created (PullQEl_hw_read11yolov8m_pose/conv90)
[2025-08-14 19:59:23.650] [145234] [HailoRT] [warning] [transform.cpp:57] [should_quantize_by_type] The model compiled for type UINT8, while the dst type is UINT16. libhailort will type-cast every value which might reduce performance. Consider recompiling the model.
[2025-08-14 19:59:23.650] [145234] [HailoRT] [info] [filter_elements.cpp:372] [create] Created (PostInferEl11yolov8m_pose/conv90 | Quantization - src_type: UINT8, dst_type UINT16, limvals_min: -5.78642, limvals_max: 12.4301)
[2025-08-14 19:59:23.651] [145234] [HailoRT] [info] [queue_elements.cpp:800] [create] Created (UserBuffQEl11yolov8m_pose/conv90 | timeout: 10s)
[2025-08-14 19:59:23.651] [145234] [HailoRT] [info] [vstream.cpp:1114] [OutputVStreamImpl] Creating yolov8m_pose/conv90...
[2025-08-14 19:59:23.651] [145234] [HailoRT] [info] [vstream_builder.cpp:220] [create_outputs] Output pipeline 'yolov8m_pose/conv90': HW >> (HwReadEl11yolov8m_pose/conv90 | hw_frame_size: 25600) >> (PullQEl_hw_read11yolov8m_pose/conv90) >> (PostInferEl11yolov8m_pose/conv90 | Quantization - src_type: UINT8, dst_type UINT16, limvals_min: -5.78642, limvals_max: 12.4301) >> (UserBuffQEl11yolov8m_pose/conv90 | timeout: 10s)
[2025-08-14 19:59:23.651] [145234] [HailoRT] [info] [edge_elements.cpp:287] [create] Created (HwReadEl10yolov8m_pose/conv91 | hw_frame_size: 400)
[2025-08-14 19:59:23.651] [145234] [HailoRT] [warning] [transform.cpp:57] [should_quantize_by_type] The model compiled for type UINT8, while the dst type is UINT16. libhailort will type-cast every value which might reduce performance. Consider recompiling the model.
[2025-08-14 19:59:23.651] [145234] [HailoRT] [info] [queue_elements.cpp:657] [create] Created (PullQEl_hw_read10yolov8m_pose/conv91)
[2025-08-14 19:59:23.651] [145234] [HailoRT] [warning] [transform.cpp:57] [should_quantize_by_type] The model compiled for type UINT8, while the dst type is UINT16. libhailort will type-cast every value which might reduce performance. Consider recompiling the model.
[2025-08-14 19:59:23.651] [145234] [HailoRT] [info] [filter_elements.cpp:372] [create] Created (PostInferEl10yolov8m_pose/conv91 | Quantization - src_type: UINT8, dst_type UINT16, limvals_min: 0, limvals_max: 1)
[2025-08-14 19:59:23.651] [145234] [HailoRT] [info] [queue_elements.cpp:800] [create] Created (UserBuffQEl10yolov8m_pose/conv91 | timeout: 10s)
[2025-08-14 19:59:23.651] [145234] [HailoRT] [info] [vstream.cpp:1114] [OutputVStreamImpl] Creating yolov8m_pose/conv91...
[2025-08-14 19:59:23.651] [145234] [HailoRT] [info] [vstream_builder.cpp:220] [create_outputs] Output pipeline 'yolov8m_pose/conv91': HW >> (HwReadEl10yolov8m_pose/conv91 | hw_frame_size: 400) >> (PullQEl_hw_read10yolov8m_pose/conv91) >> (PostInferEl10yolov8m_pose/conv91 | Quantization - src_type: UINT8, dst_type UINT16, limvals_min: 0, limvals_max: 1) >> (UserBuffQEl10yolov8m_pose/conv91 | timeout: 10s)
[2025-08-14 19:59:23.651] [145234] [HailoRT] [info] [edge_elements.cpp:287] [create] Created (HwReadEl9yolov8m_pose/conv92 | hw_frame_size: 44800)
[2025-08-14 19:59:23.651] [145234] [HailoRT] [info] [queue_elements.cpp:657] [create] Created (PullQEl_hw_read9yolov8m_pose/conv92)
[2025-08-14 19:59:23.651] [145234] [HailoRT] [info] [filter_elements.cpp:372] [create] Created (PostInferEl9yolov8m_pose/conv92 | Reorder - src_order: FCR, src_shape: (20, 20, 56), dst_order: FCR, dst_shape: (20, 20, 51))
[2025-08-14 19:59:23.651] [145234] [HailoRT] [info] [queue_elements.cpp:800] [create] Created (UserBuffQEl9yolov8m_pose/conv92 | timeout: 10s)
[2025-08-14 19:59:23.651] [145234] [HailoRT] [info] [vstream.cpp:1114] [OutputVStreamImpl] Creating yolov8m_pose/conv92...
[2025-08-14 19:59:23.651] [145234] [HailoRT] [info] [vstream_builder.cpp:220] [create_outputs] Output pipeline 'yolov8m_pose/conv92': HW >> (HwReadEl9yolov8m_pose/conv92 | hw_frame_size: 44800) >> (PullQEl_hw_read9yolov8m_pose/conv92) >> (PostInferEl9yolov8m_pose/conv92 | Reorder - src_order: FCR, src_shape: (20, 20, 56), dst_order: FCR, dst_shape: (20, 20, 51)) >> (UserBuffQEl9yolov8m_pose/conv92 | timeout: 10s)
[2025-08-14 19:59:23.652] [145234] [HailoRT] [info] [core_op.cpp:156] [activate] Activating yolov8m_pose took 0.880305 milliseconds. Note that the function is asynchronous and thus the network is not fully activated yet.
[2025-08-14 19:59:23.652] [145234] [HailoRT] [info] [core_op.cpp:156] [activate] Activating yolov8m_pose took 0.912443 milliseconds. Note that the function is asynchronous and thus the network is not fully activated yet.
[2025-08-14 19:59:23.652] [145234] [HailoRT] [info] [hef.cpp:1994] [get_network_group_and_network_name] No name was given. Addressing all networks of default network_group: yolov8m_pose
[2025-08-14 19:59:23.669] [145234] [HailoRT] [info] [hef.cpp:1994] [get_network_group_and_network_name] No name was given. Addressing all networks of default network_group: yolov8m_pose
[2025-08-14 19:59:23.669] [145234] [HailoRT] [info] [hef.cpp:1994] [get_network_group_and_network_name] No name was given. Addressing all networks of default network_group: yolov8m_pose
[2025-08-14 19:59:23.669] [162653] [HailoRT] [info] [vdevice_native_stream.cpp:331] [read_impl] Failed read from stream HAILO_STREAM_NOT_ACTIVATED(72) (device: 0000:03:00.0)
[2025-08-14 19:59:23.669] [162665] [HailoRT] [info] [vdevice_native_stream.cpp:331] [read_impl] Failed read from stream HAILO_STREAM_NOT_ACTIVATED(72) (device: 0000:03:00.0)
[2025-08-14 19:59:23.669] [162655] [HailoRT] [info] [vdevice_native_stream.cpp:331] [read_impl] Failed read from stream HAILO_STREAM_NOT_ACTIVATED(72) (device: 0000:03:00.0)
[2025-08-14 19:59:23.669] [162669] [HailoRT] [info] [vdevice_native_stream.cpp:331] [read_impl] Failed read from stream HAILO_STREAM_NOT_ACTIVATED(72) (device: 0000:03:00.0)
[2025-08-14 19:59:23.669] [162667] [HailoRT] [info] [vdevice_native_stream.cpp:331] [read_impl] Failed read from stream HAILO_STREAM_NOT_ACTIVATED(72) (device: 0000:03:00.0)
[2025-08-14 19:59:23.669] [162663] [HailoRT] [info] [vdevice_native_stream.cpp:331] [read_impl] Failed read from stream HAILO_STREAM_NOT_ACTIVATED(72) (device: 0000:03:00.0)
[2025-08-14 19:59:23.669] [162657] [HailoRT] [info] [vdevice_native_stream.cpp:331] [read_impl] Failed read from stream HAILO_STREAM_NOT_ACTIVATED(72) (device: 0000:03:00.0)
[2025-08-14 19:59:23.669] [162659] [HailoRT] [info] [vdevice_native_stream.cpp:331] [read_impl] Failed read from stream HAILO_STREAM_NOT_ACTIVATED(72) (device: 0000:03:00.0)
[2025-08-14 19:59:23.669] [162661] [HailoRT] [info] [vdevice_native_stream.cpp:331] [read_impl] Failed read from stream HAILO_STREAM_NOT_ACTIVATED(72) (device: 0000:03:00.0)
[2025-08-14 19:59:23.669] [145234] [HailoRT] [info] [core_op.cpp:186] [deactivate] Deactivating took 0.47467 ms
[2025-08-14 19:59:23.669] [145234] [HailoRT] [info] [core_op.cpp:186] [deactivate] Deactivating took 0.486229 ms
[2025-08-14 19:59:23.669] [162654] [HailoRT] [info] [queue_elements.cpp:855] [run_in_thread] Shutdown event was signaled in dequeue of UserBuffQEl1yolov8m_pose/conv59!
[2025-08-14 19:59:23.669] [162653] [HailoRT] [info] [queue_elements.cpp:734] [run_in_thread] Shutdown event was signaled in run_pull of queue element PullQEl_hw_read1yolov8m_pose/conv59!
[2025-08-14 19:59:23.669] [162653] [HailoRT] [info] [queue_elements.cpp:68] [operator()] Thread in element PullQEl_hw_read1yolov8m_pose/conv59 is not running anymore, exiting..
[2025-08-14 19:59:23.670] [145234] [HailoRT] [info] [queue_elements.cpp:46] [~BaseQueueElement] Queue element PullQEl_hw_read1yolov8m_pose/conv59 has 0 frames in his Queue on destruction
[2025-08-14 19:59:23.670] [162654] [HailoRT] [info] [queue_elements.cpp:68] [operator()] Thread in element UserBuffQEl1yolov8m_pose/conv59 is not running anymore, exiting..
[2025-08-14 19:59:23.670] [145234] [HailoRT] [info] [queue_elements.cpp:46] [~BaseQueueElement] Queue element UserBuffQEl1yolov8m_pose/conv59 has 0 frames in his Queue on destruction
[2025-08-14 19:59:23.670] [162655] [HailoRT] [info] [queue_elements.cpp:734] [run_in_thread] Shutdown event was signaled in run_pull of queue element PullQEl_hw_read3yolov8m_pose/conv60!
[2025-08-14 19:59:23.670] [162656] [HailoRT] [info] [queue_elements.cpp:855] [run_in_thread] Shutdown event was signaled in dequeue of UserBuffQEl3yolov8m_pose/conv60!
[2025-08-14 19:59:23.670] [162655] [HailoRT] [info] [queue_elements.cpp:68] [operator()] Thread in element PullQEl_hw_read3yolov8m_pose/conv60 is not running anymore, exiting..
[2025-08-14 19:59:23.670] [145234] [HailoRT] [info] [queue_elements.cpp:46] [~BaseQueueElement] Queue element PullQEl_hw_read3yolov8m_pose/conv60 has 0 frames in his Queue on destruction
[2025-08-14 19:59:23.670] [162656] [HailoRT] [info] [queue_elements.cpp:68] [operator()] Thread in element UserBuffQEl3yolov8m_pose/conv60 is not running anymore, exiting..
[2025-08-14 19:59:23.670] [145234] [HailoRT] [info] [queue_elements.cpp:46] [~BaseQueueElement] Queue element UserBuffQEl3yolov8m_pose/conv60 has 0 frames in his Queue on destruction
[2025-08-14 19:59:23.670] [162657] [HailoRT] [info] [queue_elements.cpp:734] [run_in_thread] Shutdown event was signaled in run_pull of queue element PullQEl_hw_read2yolov8m_pose/conv61!
[2025-08-14 19:59:23.670] [162658] [HailoRT] [info] [queue_elements.cpp:855] [run_in_thread] Shutdown event was signaled in dequeue of UserBuffQEl2yolov8m_pose/conv61!
[2025-08-14 19:59:23.670] [162657] [HailoRT] [info] [queue_elements.cpp:68] [operator()] Thread in element PullQEl_hw_read2yolov8m_pose/conv61 is not running anymore, exiting..
[2025-08-14 19:59:23.670] [145234] [HailoRT] [info] [queue_elements.cpp:46] [~BaseQueueElement] Queue element PullQEl_hw_read2yolov8m_pose/conv61 has 0 frames in his Queue on destruction
[2025-08-14 19:59:23.670] [162658] [HailoRT] [info] [queue_elements.cpp:68] [operator()] Thread in element UserBuffQEl2yolov8m_pose/conv61 is not running anymore, exiting..
[2025-08-14 19:59:23.670] [145234] [HailoRT] [info] [queue_elements.cpp:46] [~BaseQueueElement] Queue element UserBuffQEl2yolov8m_pose/conv61 has 0 frames in his Queue on destruction
[2025-08-14 19:59:23.670] [162660] [HailoRT] [info] [queue_elements.cpp:855] [run_in_thread] Shutdown event was signaled in dequeue of UserBuffQEl8yolov8m_pose/conv75!
[2025-08-14 19:59:23.670] [162659] [HailoRT] [info] [queue_elements.cpp:734] [run_in_thread] Shutdown event was signaled in run_pull of queue element PullQEl_hw_read8yolov8m_pose/conv75!
[2025-08-14 19:59:23.670] [162659] [HailoRT] [info] [queue_elements.cpp:68] [operator()] Thread in element PullQEl_hw_read8yolov8m_pose/conv75 is not running anymore, exiting..
[2025-08-14 19:59:23.670] [145234] [HailoRT] [info] [queue_elements.cpp:46] [~BaseQueueElement] Queue element PullQEl_hw_read8yolov8m_pose/conv75 has 0 frames in his Queue on destruction
[2025-08-14 19:59:23.670] [162660] [HailoRT] [info] [queue_elements.cpp:68] [operator()] Thread in element UserBuffQEl8yolov8m_pose/conv75 is not running anymore, exiting..
[2025-08-14 19:59:23.670] [145234] [HailoRT] [info] [queue_elements.cpp:46] [~BaseQueueElement] Queue element UserBuffQEl8yolov8m_pose/conv75 has 0 frames in his Queue on destruction
[2025-08-14 19:59:23.670] [162661] [HailoRT] [info] [queue_elements.cpp:734] [run_in_thread] Shutdown event was signaled in run_pull of queue element PullQEl_hw_read5yolov8m_pose/conv76!
[2025-08-14 19:59:23.670] [162662] [HailoRT] [info] [queue_elements.cpp:855] [run_in_thread] Shutdown event was signaled in dequeue of UserBuffQEl5yolov8m_pose/conv76!
[2025-08-14 19:59:23.670] [162661] [HailoRT] [info] [queue_elements.cpp:68] [operator()] Thread in element PullQEl_hw_read5yolov8m_pose/conv76 is not running anymore, exiting..
[2025-08-14 19:59:23.670] [145234] [HailoRT] [info] [queue_elements.cpp:46] [~BaseQueueElement] Queue element PullQEl_hw_read5yolov8m_pose/conv76 has 0 frames in his Queue on destruction
[2025-08-14 19:59:23.670] [162662] [HailoRT] [info] [queue_elements.cpp:68] [operator()] Thread in element UserBuffQEl5yolov8m_pose/conv76 is not running anymore, exiting..
[2025-08-14 19:59:23.670] [145234] [HailoRT] [info] [queue_elements.cpp:46] [~BaseQueueElement] Queue element UserBuffQEl5yolov8m_pose/conv76 has 0 frames in his Queue on destruction
[2025-08-14 19:59:23.670] [162664] [HailoRT] [info] [queue_elements.cpp:855] [run_in_thread] Shutdown event was signaled in dequeue of UserBuffQEl0yolov8m_pose/conv77!
[2025-08-14 19:59:23.670] [162663] [HailoRT] [info] [queue_elements.cpp:734] [run_in_thread] Shutdown event was signaled in run_pull of queue element PullQEl_hw_read0yolov8m_pose/conv77!
[2025-08-14 19:59:23.670] [162663] [HailoRT] [info] [queue_elements.cpp:68] [operator()] Thread in element PullQEl_hw_read0yolov8m_pose/conv77 is not running anymore, exiting..
[2025-08-14 19:59:23.670] [145234] [HailoRT] [info] [queue_elements.cpp:46] [~BaseQueueElement] Queue element PullQEl_hw_read0yolov8m_pose/conv77 has 0 frames in his Queue on destruction
[2025-08-14 19:59:23.670] [162664] [HailoRT] [info] [queue_elements.cpp:68] [operator()] Thread in element UserBuffQEl0yolov8m_pose/conv77 is not running anymore, exiting..
[2025-08-14 19:59:23.670] [145234] [HailoRT] [info] [queue_elements.cpp:46] [~BaseQueueElement] Queue element UserBuffQEl0yolov8m_pose/conv77 has 0 frames in his Queue on destruction
[2025-08-14 19:59:23.670] [162666] [HailoRT] [info] [queue_elements.cpp:855] [run_in_thread] Shutdown event was signaled in dequeue of UserBuffQEl11yolov8m_pose/conv90!
[2025-08-14 19:59:23.670] [162665] [HailoRT] [info] [queue_elements.cpp:734] [run_in_thread] Shutdown event was signaled in run_pull of queue element PullQEl_hw_read11yolov8m_pose/conv90!
[2025-08-14 19:59:23.670] [162665] [HailoRT] [info] [queue_elements.cpp:68] [operator()] Thread in element PullQEl_hw_read11yolov8m_pose/conv90 is not running anymore, exiting..
[2025-08-14 19:59:23.670] [145234] [HailoRT] [info] [queue_elements.cpp:46] [~BaseQueueElement] Queue element PullQEl_hw_read11yolov8m_pose/conv90 has 0 frames in his Queue on destruction
[2025-08-14 19:59:23.670] [162666] [HailoRT] [info] [queue_elements.cpp:68] [operator()] Thread in element UserBuffQEl11yolov8m_pose/conv90 is not running anymore, exiting..
[2025-08-14 19:59:23.670] [145234] [HailoRT] [info] [queue_elements.cpp:46] [~BaseQueueElement] Queue element UserBuffQEl11yolov8m_pose/conv90 has 0 frames in his Queue on destruction
[2025-08-14 19:59:23.670] [162667] [HailoRT] [info] [queue_elements.cpp:734] [run_in_thread] Shutdown event was signaled in run_pull of queue element PullQEl_hw_read10yolov8m_pose/conv91!
[2025-08-14 19:59:23.670] [162668] [HailoRT] [info] [queue_elements.cpp:855] [run_in_thread] Shutdown event was signaled in dequeue of UserBuffQEl10yolov8m_pose/conv91!
[2025-08-14 19:59:23.670] [162667] [HailoRT] [info] [queue_elements.cpp:68] [operator()] Thread in element PullQEl_hw_read10yolov8m_pose/conv91 is not running anymore, exiting..
[2025-08-14 19:59:23.670] [145234] [HailoRT] [info] [queue_elements.cpp:46] [~BaseQueueElement] Queue element PullQEl_hw_read10yolov8m_pose/conv91 has 0 frames in his Queue on destruction
[2025-08-14 19:59:23.670] [162668] [HailoRT] [info] [queue_elements.cpp:68] [operator()] Thread in element UserBuffQEl10yolov8m_pose/conv91 is not running anymore, exiting..
[2025-08-14 19:59:23.671] [145234] [HailoRT] [info] [queue_elements.cpp:46] [~BaseQueueElement] Queue element UserBuffQEl10yolov8m_pose/conv91 has 0 frames in his Queue on destruction
[2025-08-14 19:59:23.671] [162670] [HailoRT] [info] [queue_elements.cpp:855] [run_in_thread] Shutdown event was signaled in dequeue of UserBuffQEl9yolov8m_pose/conv92!
[2025-08-14 19:59:23.671] [162669] [HailoRT] [info] [queue_elements.cpp:734] [run_in_thread] Shutdown event was signaled in run_pull of queue element PullQEl_hw_read9yolov8m_pose/conv92!
[2025-08-14 19:59:23.671] [162669] [HailoRT] [info] [queue_elements.cpp:68] [operator()] Thread in element PullQEl_hw_read9yolov8m_pose/conv92 is not running anymore, exiting..
[2025-08-14 19:59:23.671] [145234] [HailoRT] [info] [queue_elements.cpp:46] [~BaseQueueElement] Queue element PullQEl_hw_read9yolov8m_pose/conv92 has 0 frames in his Queue on destruction
[2025-08-14 19:59:23.671] [162670] [HailoRT] [info] [queue_elements.cpp:68] [operator()] Thread in element UserBuffQEl9yolov8m_pose/conv92 is not running anymore, exiting..
[2025-08-14 19:59:23.671] [145234] [HailoRT] [info] [queue_elements.cpp:46] [~BaseQueueElement] Queue element UserBuffQEl9yolov8m_pose/conv92 has 0 frames in his Queue on destruction
[2025-08-14 19:59:23.789] [145234] [HailoRT] [info] [vdevice.cpp:535] [create] Creating vdevice with params: device_count: 1, scheduling_algorithm: NONE, multi_process_service: false
[2025-08-14 19:59:23.802] [145234] [HailoRT] [info] [device.cpp:51] [Device] OS Version: Linux 6.5.0-44-generic #44~22.04.1-Ubuntu SMP PREEMPT_DYNAMIC Tue Jun 18 14:36:16 UTC 2 x86_64
[2025-08-14 19:59:23.803] [145234] [HailoRT] [info] [control.cpp:113] [control__parse_identify_results] firmware_version is: 4.22.0
[2025-08-14 19:59:23.803] [145234] [HailoRT] [info] [vdevice.cpp:682] [create] VDevice Infos: 0000:03:00.0
[2025-08-14 19:59:23.811] [145234] [HailoRT] [info] [buffer_requirements.cpp:198] [find_initial_desc_page_size] Using non-default initial_desc_page_size of 64, due to a small transfer size (8)
[2025-08-14 19:59:23.811] [145234] [HailoRT] [info] [internal_buffer_manager.cpp:75] [print_execution_results] Default Internal buffer planner failed to meet requirements
[2025-08-14 19:59:23.811] [145234] [HailoRT] [info] [internal_buffer_manager.cpp:86] [print_execution_results] Default Internal buffer planner executed successfully
[2025-08-14 19:59:23.820] [145234] [HailoRT] [info] [device_internal.cpp:57] [configure] Configuring HEF took 13.90569 milliseconds
[2025-08-14 19:59:23.820] [145234] [HailoRT] [info] [vdevice.cpp:780] [configure] Configuring HEF on VDevice took 14.306739 milliseconds
[2025-08-14 19:59:23.821] [145234] [HailoRT] [info] [hef.cpp:1994] [get_network_group_and_network_name] No name was given. Addressing all networks of default network_group: mobilenet
[2025-08-14 19:59:23.821] [145234] [HailoRT] [info] [hef.cpp:1994] [get_network_group_and_network_name] No name was given. Addressing all networks of default network_group: mobilenet
[2025-08-14 19:59:23.826] [145234] [HailoRT] [info] [edge_elements.cpp:52] [create] Created (HwWriteEl1mobilenet/input_layer1 | hw_frame_size: 150528)
[2025-08-14 19:59:23.827] [145234] [HailoRT] [info] [vstream.cpp:754] [InputVStreamImpl] Creating mobilenet/input_layer1...
[2025-08-14 19:59:23.827] [145234] [HailoRT] [info] [vstream_builder.cpp:102] [create_inputs] Input pipeline 'mobilenet/input_layer1': (HwWriteEl1mobilenet/input_layer1 | hw_frame_size: 150528) >> HW
[2025-08-14 19:59:23.827] [145234] [HailoRT] [info] [edge_elements.cpp:287] [create] Created (HwReadEl0mobilenet/fc18 | hw_frame_size: 8)
[2025-08-14 19:59:23.827] [145234] [HailoRT] [info] [queue_elements.cpp:657] [create] Created (PullQEl_hw_read0mobilenet/fc18)
[2025-08-14 19:59:23.827] [145234] [HailoRT] [info] [filter_elements.cpp:372] [create] Created (PostInferEl0mobilenet/fc18 | Padding Periph shape - src_shape: (1, 1, 2), dst_shape: (1, 1, 2))
[2025-08-14 19:59:23.827] [145234] [HailoRT] [info] [queue_elements.cpp:800] [create] Created (UserBuffQEl0mobilenet/fc18 | timeout: 10s)
[2025-08-14 19:59:23.827] [145234] [HailoRT] [info] [vstream.cpp:1114] [OutputVStreamImpl] Creating mobilenet/fc18...
[2025-08-14 19:59:23.827] [145234] [HailoRT] [info] [vstream_builder.cpp:220] [create_outputs] Output pipeline 'mobilenet/fc18': HW >> (HwReadEl0mobilenet/fc18 | hw_frame_size: 8) >> (PullQEl_hw_read0mobilenet/fc18) >> (PostInferEl0mobilenet/fc18 | Padding Periph shape - src_shape: (1, 1, 2), dst_shape: (1, 1, 2)) >> (UserBuffQEl0mobilenet/fc18 | timeout: 10s)
[2025-08-14 19:59:23.827] [145234] [HailoRT] [info] [core_op.cpp:156] [activate] Activating mobilenet took 0.225152 milliseconds. Note that the function is asynchronous and thus the network is not fully activated yet.
[2025-08-14 19:59:23.827] [145234] [HailoRT] [info] [core_op.cpp:156] [activate] Activating mobilenet took 0.235347 milliseconds. Note that the function is asynchronous and thus the network is not fully activated yet.
[2025-08-14 19:59:23.839] [162685] [HailoRT] [info] [vdevice_native_stream.cpp:331] [read_impl] Failed read from stream HAILO_STREAM_NOT_ACTIVATED(72) (device: 0000:03:00.0)
[2025-08-14 19:59:23.840] [145234] [HailoRT] [info] [core_op.cpp:186] [deactivate] Deactivating took 0.393887 ms
[2025-08-14 19:59:23.840] [145234] [HailoRT] [info] [core_op.cpp:186] [deactivate] Deactivating took 0.410206 ms
[2025-08-14 19:59:23.840] [162685] [HailoRT] [info] [queue_elements.cpp:734] [run_in_thread] Shutdown event was signaled in run_pull of queue element PullQEl_hw_read0mobilenet/fc18!
[2025-08-14 19:59:23.840] [162686] [HailoRT] [info] [queue_elements.cpp:855] [run_in_thread] Shutdown event was signaled in dequeue of UserBuffQEl0mobilenet/fc18!
[2025-08-14 19:59:23.840] [162685] [HailoRT] [info] [queue_elements.cpp:68] [operator()] Thread in element PullQEl_hw_read0mobilenet/fc18 is not running anymore, exiting..
[2025-08-14 19:59:23.840] [145234] [HailoRT] [info] [queue_elements.cpp:46] [~BaseQueueElement] Queue element PullQEl_hw_read0mobilenet/fc18 has 0 frames in his Queue on destruction
[2025-08-14 19:59:23.840] [162686] [HailoRT] [info] [queue_elements.cpp:68] [operator()] Thread in element UserBuffQEl0mobilenet/fc18 is not running anymore, exiting..
[2025-08-14 19:59:23.840] [145234] [HailoRT] [info] [queue_elements.cpp:46] [~BaseQueueElement] Queue element UserBuffQEl0mobilenet/fc18 has 0 frames in his Queue on destruction
[2025-08-14 19:59:23.942] [145234] [HailoRT] [info] [vdevice.cpp:535] [create] Creating vdevice with params: device_count: 1, scheduling_algorithm: NONE, multi_process_service: false
[2025-08-14 19:59:23.954] [145234] [HailoRT] [info] [device.cpp:51] [Device] OS Version: Linux 6.5.0-44-generic #44~22.04.1-Ubuntu SMP PREEMPT_DYNAMIC Tue Jun 18 14:36:16 UTC 2 x86_64
[2025-08-14 19:59:23.955] [145234] [HailoRT] [info] [control.cpp:113] [control__parse_identify_results] firmware_version is: 4.22.0
[2025-08-14 19:59:23.955] [145234] [HailoRT] [info] [vdevice.cpp:682] [create] VDevice Infos: 0000:03:00.0
[2025-08-14 19:59:23.978] [145234] [HailoRT] [info] [internal_buffer_manager.cpp:77] [print_execution_results] Planned internal buffer memory: CMA=0 CMA-Desc=262144 Pinned=2997248. memory to edge layer usage factor is 1
[2025-08-14 19:59:23.978] [145234] [HailoRT] [info] [internal_buffer_manager.cpp:86] [print_execution_results] Default Internal buffer planner executed successfully
[2025-08-14 19:59:24.052] [145234] [HailoRT] [info] [device_internal.cpp:57] [configure] Configuring HEF took 82.008892 milliseconds
[2025-08-14 19:59:24.052] [145234] [HailoRT] [info] [vdevice.cpp:780] [configure] Configuring HEF on VDevice took 82.482989 milliseconds
[2025-08-14 19:59:24.054] [145234] [HailoRT] [info] [edge_elements.cpp:52] [create] Created (HwWriteEl3yolov8m_pose/input_layer1 | hw_frame_size: 1228800)
[2025-08-14 19:59:24.054] [145234] [HailoRT] [info] [vstream.cpp:754] [InputVStreamImpl] Creating yolov8m_pose/input_layer1...
[2025-08-14 19:59:24.054] [145234] [HailoRT] [info] [vstream_builder.cpp:102] [create_inputs] Input pipeline 'yolov8m_pose/input_layer1': (HwWriteEl3yolov8m_pose/input_layer1 | hw_frame_size: 1228800) >> HW
[2025-08-14 19:59:24.055] [145234] [HailoRT] [info] [edge_elements.cpp:287] [create] Created (HwReadEl1yolov8m_pose/conv59 | hw_frame_size: 409600)
[2025-08-14 19:59:24.055] [145234] [HailoRT] [warning] [transform.cpp:57] [should_quantize_by_type] The model compiled for type UINT8, while the dst type is UINT16. libhailort will type-cast every value which might reduce performance. Consider recompiling the model.
[2025-08-14 19:59:24.055] [145234] [HailoRT] [info] [queue_elements.cpp:657] [create] Created (PullQEl_hw_read1yolov8m_pose/conv59)
[2025-08-14 19:59:24.055] [145234] [HailoRT] [warning] [transform.cpp:57] [should_quantize_by_type] The model compiled for type UINT8, while the dst type is UINT16. libhailort will type-cast every value which might reduce performance. Consider recompiling the model.
[2025-08-14 19:59:24.055] [145234] [HailoRT] [info] [filter_elements.cpp:372] [create] Created (PostInferEl1yolov8m_pose/conv59 | Quantization - src_type: UINT8, dst_type UINT16, limvals_min: -5.99085, limvals_max: 14.9361)
[2025-08-14 19:59:24.055] [145234] [HailoRT] [info] [queue_elements.cpp:800] [create] Created (UserBuffQEl1yolov8m_pose/conv59 | timeout: 10s)
[2025-08-14 19:59:24.055] [145234] [HailoRT] [info] [vstream.cpp:1114] [OutputVStreamImpl] Creating yolov8m_pose/conv59...
[2025-08-14 19:59:24.055] [145234] [HailoRT] [info] [vstream_builder.cpp:220] [create_outputs] Output pipeline 'yolov8m_pose/conv59': HW >> (HwReadEl1yolov8m_pose/conv59 | hw_frame_size: 409600) >> (PullQEl_hw_read1yolov8m_pose/conv59) >> (PostInferEl1yolov8m_pose/conv59 | Quantization - src_type: UINT8, dst_type UINT16, limvals_min: -5.99085, limvals_max: 14.9361) >> (UserBuffQEl1yolov8m_pose/conv59 | timeout: 10s)
[2025-08-14 19:59:24.055] [145234] [HailoRT] [info] [edge_elements.cpp:287] [create] Created (HwReadEl3yolov8m_pose/conv60 | hw_frame_size: 6400)
[2025-08-14 19:59:24.055] [145234] [HailoRT] [warning] [transform.cpp:57] [should_quantize_by_type] The model compiled for type UINT8, while the dst type is UINT16. libhailort will type-cast every value which might reduce performance. Consider recompiling the model.
[2025-08-14 19:59:24.055] [145234] [HailoRT] [info] [queue_elements.cpp:657] [create] Created (PullQEl_hw_read3yolov8m_pose/conv60)
[2025-08-14 19:59:24.055] [145234] [HailoRT] [warning] [transform.cpp:57] [should_quantize_by_type] The model compiled for type UINT8, while the dst type is UINT16. libhailort will type-cast every value which might reduce performance. Consider recompiling the model.
[2025-08-14 19:59:24.055] [145234] [HailoRT] [info] [filter_elements.cpp:372] [create] Created (PostInferEl3yolov8m_pose/conv60 | Quantization - src_type: UINT8, dst_type UINT16, limvals_min: 0, limvals_max: 1)
[2025-08-14 19:59:24.055] [145234] [HailoRT] [info] [queue_elements.cpp:800] [create] Created (UserBuffQEl3yolov8m_pose/conv60 | timeout: 10s)
[2025-08-14 19:59:24.055] [145234] [HailoRT] [info] [vstream.cpp:1114] [OutputVStreamImpl] Creating yolov8m_pose/conv60...
[2025-08-14 19:59:24.055] [145234] [HailoRT] [info] [vstream_builder.cpp:220] [create_outputs] Output pipeline 'yolov8m_pose/conv60': HW >> (HwReadEl3yolov8m_pose/conv60 | hw_frame_size: 6400) >> (PullQEl_hw_read3yolov8m_pose/conv60) >> (PostInferEl3yolov8m_pose/conv60 | Quantization - src_type: UINT8, dst_type UINT16, limvals_min: 0, limvals_max: 1) >> (UserBuffQEl3yolov8m_pose/conv60 | timeout: 10s)
[2025-08-14 19:59:24.055] [145234] [HailoRT] [info] [edge_elements.cpp:287] [create] Created (HwReadEl2yolov8m_pose/conv61 | hw_frame_size: 716800)
[2025-08-14 19:59:24.055] [145234] [HailoRT] [info] [queue_elements.cpp:657] [create] Created (PullQEl_hw_read2yolov8m_pose/conv61)
[2025-08-14 19:59:24.055] [145234] [HailoRT] [info] [filter_elements.cpp:372] [create] Created (PostInferEl2yolov8m_pose/conv61 | Reorder - src_order: FCR, src_shape: (80, 80, 56), dst_order: FCR, dst_shape: (80, 80, 51))
[2025-08-14 19:59:24.055] [145234] [HailoRT] [info] [queue_elements.cpp:800] [create] Created (UserBuffQEl2yolov8m_pose/conv61 | timeout: 10s)
[2025-08-14 19:59:24.055] [145234] [HailoRT] [info] [vstream.cpp:1114] [OutputVStreamImpl] Creating yolov8m_pose/conv61...
[2025-08-14 19:59:24.055] [145234] [HailoRT] [info] [vstream_builder.cpp:220] [create_outputs] Output pipeline 'yolov8m_pose/conv61': HW >> (HwReadEl2yolov8m_pose/conv61 | hw_frame_size: 716800) >> (PullQEl_hw_read2yolov8m_pose/conv61) >> (PostInferEl2yolov8m_pose/conv61 | Reorder - src_order: FCR, src_shape: (80, 80, 56), dst_order: FCR, dst_shape: (80, 80, 51)) >> (UserBuffQEl2yolov8m_pose/conv61 | timeout: 10s)
[2025-08-14 19:59:24.055] [145234] [HailoRT] [info] [edge_elements.cpp:287] [create] Created (HwReadEl8yolov8m_pose/conv75 | hw_frame_size: 102400)
[2025-08-14 19:59:24.055] [145234] [HailoRT] [warning] [transform.cpp:57] [should_quantize_by_type] The model compiled for type UINT8, while the dst type is UINT16. libhailort will type-cast every value which might reduce performance. Consider recompiling the model.
[2025-08-14 19:59:24.056] [145234] [HailoRT] [info] [queue_elements.cpp:657] [create] Created (PullQEl_hw_read8yolov8m_pose/conv75)
[2025-08-14 19:59:24.056] [145234] [HailoRT] [warning] [transform.cpp:57] [should_quantize_by_type] The model compiled for type UINT8, while the dst type is UINT16. libhailort will type-cast every value which might reduce performance. Consider recompiling the model.
[2025-08-14 19:59:24.056] [145234] [HailoRT] [info] [filter_elements.cpp:372] [create] Created (PostInferEl8yolov8m_pose/conv75 | Quantization - src_type: UINT8, dst_type UINT16, limvals_min: -7.00621, limvals_max: 13.5292)
[2025-08-14 19:59:24.056] [145234] [HailoRT] [info] [queue_elements.cpp:800] [create] Created (UserBuffQEl8yolov8m_pose/conv75 | timeout: 10s)
[2025-08-14 19:59:24.056] [145234] [HailoRT] [info] [vstream.cpp:1114] [OutputVStreamImpl] Creating yolov8m_pose/conv75...
[2025-08-14 19:59:24.056] [145234] [HailoRT] [info] [vstream_builder.cpp:220] [create_outputs] Output pipeline 'yolov8m_pose/conv75': HW >> (HwReadEl8yolov8m_pose/conv75 | hw_frame_size: 102400) >> (PullQEl_hw_read8yolov8m_pose/conv75) >> (PostInferEl8yolov8m_pose/conv75 | Quantization - src_type: UINT8, dst_type UINT16, limvals_min: -7.00621, limvals_max: 13.5292) >> (UserBuffQEl8yolov8m_pose/conv75 | timeout: 10s)
[2025-08-14 19:59:24.056] [145234] [HailoRT] [info] [edge_elements.cpp:287] [create] Created (HwReadEl5yolov8m_pose/conv76 | hw_frame_size: 1600)
[2025-08-14 19:59:24.056] [145234] [HailoRT] [warning] [transform.cpp:57] [should_quantize_by_type] The model compiled for type UINT8, while the dst type is UINT16. libhailort will type-cast every value which might reduce performance. Consider recompiling the model.
[2025-08-14 19:59:24.056] [145234] [HailoRT] [info] [queue_elements.cpp:657] [create] Created (PullQEl_hw_read5yolov8m_pose/conv76)
[2025-08-14 19:59:24.056] [145234] [HailoRT] [warning] [transform.cpp:57] [should_quantize_by_type] The model compiled for type UINT8, while the dst type is UINT16. libhailort will type-cast every value which might reduce performance. Consider recompiling the model.
[2025-08-14 19:59:24.056] [145234] [HailoRT] [info] [filter_elements.cpp:372] [create] Created (PostInferEl5yolov8m_pose/conv76 | Quantization - src_type: UINT8, dst_type UINT16, limvals_min: 0, limvals_max: 1)
[2025-08-14 19:59:24.056] [145234] [HailoRT] [info] [queue_elements.cpp:800] [create] Created (UserBuffQEl5yolov8m_pose/conv76 | timeout: 10s)
[2025-08-14 19:59:24.056] [145234] [HailoRT] [info] [vstream.cpp:1114] [OutputVStreamImpl] Creating yolov8m_pose/conv76...
[2025-08-14 19:59:24.056] [145234] [HailoRT] [info] [vstream_builder.cpp:220] [create_outputs] Output pipeline 'yolov8m_pose/conv76': HW >> (HwReadEl5yolov8m_pose/conv76 | hw_frame_size: 1600) >> (PullQEl_hw_read5yolov8m_pose/conv76) >> (PostInferEl5yolov8m_pose/conv76 | Quantization - src_type: UINT8, dst_type UINT16, limvals_min: 0, limvals_max: 1) >> (UserBuffQEl5yolov8m_pose/conv76 | timeout: 10s)
[2025-08-14 19:59:24.056] [145234] [HailoRT] [info] [edge_elements.cpp:287] [create] Created (HwReadEl0yolov8m_pose/conv77 | hw_frame_size: 179200)
[2025-08-14 19:59:24.056] [145234] [HailoRT] [info] [queue_elements.cpp:657] [create] Created (PullQEl_hw_read0yolov8m_pose/conv77)
[2025-08-14 19:59:24.056] [145234] [HailoRT] [info] [filter_elements.cpp:372] [create] Created (PostInferEl0yolov8m_pose/conv77 | Reorder - src_order: FCR, src_shape: (40, 40, 56), dst_order: FCR, dst_shape: (40, 40, 51))
[2025-08-14 19:59:24.056] [145234] [HailoRT] [info] [queue_elements.cpp:800] [create] Created (UserBuffQEl0yolov8m_pose/conv77 | timeout: 10s)
[2025-08-14 19:59:24.056] [145234] [HailoRT] [info] [vstream.cpp:1114] [OutputVStreamImpl] Creating yolov8m_pose/conv77...
[2025-08-14 19:59:24.056] [145234] [HailoRT] [info] [vstream_builder.cpp:220] [create_outputs] Output pipeline 'yolov8m_pose/conv77': HW >> (HwReadEl0yolov8m_pose/conv77 | hw_frame_size: 179200) >> (PullQEl_hw_read0yolov8m_pose/conv77) >> (PostInferEl0yolov8m_pose/conv77 | Reorder - src_order: FCR, src_shape: (40, 40, 56), dst_order: FCR, dst_shape: (40, 40, 51)) >> (UserBuffQEl0yolov8m_pose/conv77 | timeout: 10s)
[2025-08-14 19:59:24.056] [145234] [HailoRT] [info] [edge_elements.cpp:287] [create] Created (HwReadEl11yolov8m_pose/conv90 | hw_frame_size: 25600)
[2025-08-14 19:59:24.056] [145234] [HailoRT] [warning] [transform.cpp:57] [should_quantize_by_type] The model compiled for type UINT8, while the dst type is UINT16. libhailort will type-cast every value which might reduce performance. Consider recompiling the model.
[2025-08-14 19:59:24.056] [145234] [HailoRT] [info] [queue_elements.cpp:657] [create] Created (PullQEl_hw_read11yolov8m_pose/conv90)
[2025-08-14 19:59:24.056] [145234] [HailoRT] [warning] [transform.cpp:57] [should_quantize_by_type] The model compiled for type UINT8, while the dst type is UINT16. libhailort will type-cast every value which might reduce performance. Consider recompiling the model.
[2025-08-14 19:59:24.056] [145234] [HailoRT] [info] [filter_elements.cpp:372] [create] Created (PostInferEl11yolov8m_pose/conv90 | Quantization - src_type: UINT8, dst_type UINT16, limvals_min: -5.78642, limvals_max: 12.4301)
[2025-08-14 19:59:24.056] [145234] [HailoRT] [info] [queue_elements.cpp:800] [create] Created (UserBuffQEl11yolov8m_pose/conv90 | timeout: 10s)
[2025-08-14 19:59:24.056] [145234] [HailoRT] [info] [vstream.cpp:1114] [OutputVStreamImpl] Creating yolov8m_pose/conv90...
[2025-08-14 19:59:24.056] [145234] [HailoRT] [info] [vstream_builder.cpp:220] [create_outputs] Output pipeline 'yolov8m_pose/conv90': HW >> (HwReadEl11yolov8m_pose/conv90 | hw_frame_size: 25600) >> (PullQEl_hw_read11yolov8m_pose/conv90) >> (PostInferEl11yolov8m_pose/conv90 | Quantization - src_type: UINT8, dst_type UINT16, limvals_min: -5.78642, limvals_max: 12.4301) >> (UserBuffQEl11yolov8m_pose/conv90 | timeout: 10s)
[2025-08-14 19:59:24.056] [145234] [HailoRT] [info] [edge_elements.cpp:287] [create] Created (HwReadEl10yolov8m_pose/conv91 | hw_frame_size: 400)
[2025-08-14 19:59:24.057] [145234] [HailoRT] [warning] [transform.cpp:57] [should_quantize_by_type] The model compiled for type UINT8, while the dst type is UINT16. libhailort will type-cast every value which might reduce performance. Consider recompiling the model.
[2025-08-14 19:59:24.057] [145234] [HailoRT] [info] [queue_elements.cpp:657] [create] Created (PullQEl_hw_read10yolov8m_pose/conv91)
[2025-08-14 19:59:24.057] [145234] [HailoRT] [warning] [transform.cpp:57] [should_quantize_by_type] The model compiled for type UINT8, while the dst type is UINT16. libhailort will type-cast every value which might reduce performance. Consider recompiling the model.
[2025-08-14 19:59:24.057] [145234] [HailoRT] [info] [filter_elements.cpp:372] [create] Created (PostInferEl10yolov8m_pose/conv91 | Quantization - src_type: UINT8, dst_type UINT16, limvals_min: 0, limvals_max: 1)
[2025-08-14 19:59:24.057] [145234] [HailoRT] [info] [queue_elements.cpp:800] [create] Created (UserBuffQEl10yolov8m_pose/conv91 | timeout: 10s)
[2025-08-14 19:59:24.057] [145234] [HailoRT] [info] [vstream.cpp:1114] [OutputVStreamImpl] Creating yolov8m_pose/conv91...
[2025-08-14 19:59:24.057] [145234] [HailoRT] [info] [vstream_builder.cpp:220] [create_outputs] Output pipeline 'yolov8m_pose/conv91': HW >> (HwReadEl10yolov8m_pose/conv91 | hw_frame_size: 400) >> (PullQEl_hw_read10yolov8m_pose/conv91) >> (PostInferEl10yolov8m_pose/conv91 | Quantization - src_type: UINT8, dst_type UINT16, limvals_min: 0, limvals_max: 1) >> (UserBuffQEl10yolov8m_pose/conv91 | timeout: 10s)
[2025-08-14 19:59:24.057] [145234] [HailoRT] [info] [edge_elements.cpp:287] [create] Created (HwReadEl9yolov8m_pose/conv92 | hw_frame_size: 44800)
[2025-08-14 19:59:24.057] [145234] [HailoRT] [info] [queue_elements.cpp:657] [create] Created (PullQEl_hw_read9yolov8m_pose/conv92)
[2025-08-14 19:59:24.057] [145234] [HailoRT] [info] [filter_elements.cpp:372] [create] Created (PostInferEl9yolov8m_pose/conv92 | Reorder - src_order: FCR, src_shape: (20, 20, 56), dst_order: FCR, dst_shape: (20, 20, 51))
[2025-08-14 19:59:24.057] [145234] [HailoRT] [info] [queue_elements.cpp:800] [create] Created (UserBuffQEl9yolov8m_pose/conv92 | timeout: 10s)
[2025-08-14 19:59:24.057] [145234] [HailoRT] [info] [vstream.cpp:1114] [OutputVStreamImpl] Creating yolov8m_pose/conv92...
[2025-08-14 19:59:24.057] [145234] [HailoRT] [info] [vstream_builder.cpp:220] [create_outputs] Output pipeline 'yolov8m_pose/conv92': HW >> (HwReadEl9yolov8m_pose/conv92 | hw_frame_size: 44800) >> (PullQEl_hw_read9yolov8m_pose/conv92) >> (PostInferEl9yolov8m_pose/conv92 | Reorder - src_order: FCR, src_shape: (20, 20, 56), dst_order: FCR, dst_shape: (20, 20, 51)) >> (UserBuffQEl9yolov8m_pose/conv92 | timeout: 10s)
[2025-08-14 19:59:24.058] [145234] [HailoRT] [info] [core_op.cpp:156] [activate] Activating yolov8m_pose took 0.750493 milliseconds. Note that the function is asynchronous and thus the network is not fully activated yet.
[2025-08-14 19:59:24.058] [145234] [HailoRT] [info] [core_op.cpp:156] [activate] Activating yolov8m_pose took 0.794028 milliseconds. Note that the function is asynchronous and thus the network is not fully activated yet.
[2025-08-14 19:59:24.058] [145234] [HailoRT] [info] [hef.cpp:1994] [get_network_group_and_network_name] No name was given. Addressing all networks of default network_group: yolov8m_pose
[2025-08-14 19:59:24.076] [145234] [HailoRT] [info] [hef.cpp:1994] [get_network_group_and_network_name] No name was given. Addressing all networks of default network_group: yolov8m_pose
[2025-08-14 19:59:24.076] [145234] [HailoRT] [info] [hef.cpp:1994] [get_network_group_and_network_name] No name was given. Addressing all networks of default network_group: yolov8m_pose
[2025-08-14 19:59:24.077] [162697] [HailoRT] [info] [vdevice_native_stream.cpp:331] [read_impl] Failed read from stream HAILO_STREAM_NOT_ACTIVATED(72) (device: 0000:03:00.0)
[2025-08-14 19:59:24.077] [162693] [HailoRT] [info] [vdevice_native_stream.cpp:331] [read_impl] Failed read from stream HAILO_STREAM_NOT_ACTIVATED(72) (device: 0000:03:00.0)
[2025-08-14 19:59:24.077] [162701] [HailoRT] [info] [vdevice_native_stream.cpp:331] [read_impl] Failed read from stream HAILO_STREAM_NOT_ACTIVATED(72) (device: 0000:03:00.0)
[2025-08-14 19:59:24.077] [162695] [HailoRT] [info] [vdevice_native_stream.cpp:331] [read_impl] Failed read from stream HAILO_STREAM_NOT_ACTIVATED(72) (device: 0000:03:00.0)
[2025-08-14 19:59:24.077] [162699] [HailoRT] [info] [vdevice_native_stream.cpp:331] [read_impl] Failed read from stream HAILO_STREAM_NOT_ACTIVATED(72) (device: 0000:03:00.0)
[2025-08-14 19:59:24.077] [162707] [HailoRT] [info] [vdevice_native_stream.cpp:331] [read_impl] Failed read from stream HAILO_STREAM_NOT_ACTIVATED(72) (device: 0000:03:00.0)
[2025-08-14 19:59:24.077] [162703] [HailoRT] [info] [vdevice_native_stream.cpp:331] [read_impl] Failed read from stream HAILO_STREAM_NOT_ACTIVATED(72) (device: 0000:03:00.0)
[2025-08-14 19:59:24.078] [145234] [HailoRT] [info] [core_op.cpp:186] [deactivate] Deactivating took 1.189174 ms
[2025-08-14 19:59:24.078] [145234] [HailoRT] [info] [core_op.cpp:186] [deactivate] Deactivating took 1.31249 ms
[2025-08-14 19:59:24.078] [162693] [HailoRT] [info] [queue_elements.cpp:734] [run_in_thread] Shutdown event was signaled in run_pull of queue element PullQEl_hw_read1yolov8m_pose/conv59!
[2025-08-14 19:59:24.078] [162694] [HailoRT] [info] [queue_elements.cpp:855] [run_in_thread] Shutdown event was signaled in dequeue of UserBuffQEl1yolov8m_pose/conv59!
[2025-08-14 19:59:24.078] [162693] [HailoRT] [info] [queue_elements.cpp:68] [operator()] Thread in element PullQEl_hw_read1yolov8m_pose/conv59 is not running anymore, exiting..
[2025-08-14 19:59:24.078] [145234] [HailoRT] [info] [queue_elements.cpp:46] [~BaseQueueElement] Queue element PullQEl_hw_read1yolov8m_pose/conv59 has 0 frames in his Queue on destruction
[2025-08-14 19:59:24.078] [162705] [HailoRT] [info] [vdevice_native_stream.cpp:331] [read_impl] Failed read from stream HAILO_STREAM_NOT_ACTIVATED(72) (device: 0000:03:00.0)
[2025-08-14 19:59:24.078] [162709] [HailoRT] [info] [vdevice_native_stream.cpp:331] [read_impl] Failed read from stream HAILO_STREAM_NOT_ACTIVATED(72) (device: 0000:03:00.0)
[2025-08-14 19:59:24.078] [162694] [HailoRT] [info] [queue_elements.cpp:68] [operator()] Thread in element UserBuffQEl1yolov8m_pose/conv59 is not running anymore, exiting..
[2025-08-14 19:59:24.078] [145234] [HailoRT] [info] [queue_elements.cpp:46] [~BaseQueueElement] Queue element UserBuffQEl1yolov8m_pose/conv59 has 0 frames in his Queue on destruction
[2025-08-14 19:59:24.078] [162695] [HailoRT] [info] [queue_elements.cpp:734] [run_in_thread] Shutdown event was signaled in run_pull of queue element PullQEl_hw_read3yolov8m_pose/conv60!
[2025-08-14 19:59:24.078] [162696] [HailoRT] [info] [queue_elements.cpp:855] [run_in_thread] Shutdown event was signaled in dequeue of UserBuffQEl3yolov8m_pose/conv60!
[2025-08-14 19:59:24.078] [162695] [HailoRT] [info] [queue_elements.cpp:68] [operator()] Thread in element PullQEl_hw_read3yolov8m_pose/conv60 is not running anymore, exiting..
[2025-08-14 19:59:24.078] [145234] [HailoRT] [info] [queue_elements.cpp:46] [~BaseQueueElement] Queue element PullQEl_hw_read3yolov8m_pose/conv60 has 0 frames in his Queue on destruction
[2025-08-14 19:59:24.078] [162696] [HailoRT] [info] [queue_elements.cpp:68] [operator()] Thread in element UserBuffQEl3yolov8m_pose/conv60 is not running anymore, exiting..
[2025-08-14 19:59:24.078] [145234] [HailoRT] [info] [queue_elements.cpp:46] [~BaseQueueElement] Queue element UserBuffQEl3yolov8m_pose/conv60 has 0 frames in his Queue on destruction
[2025-08-14 19:59:24.078] [162697] [HailoRT] [info] [queue_elements.cpp:734] [run_in_thread] Shutdown event was signaled in run_pull of queue element PullQEl_hw_read2yolov8m_pose/conv61!
[2025-08-14 19:59:24.078] [162698] [HailoRT] [info] [queue_elements.cpp:855] [run_in_thread] Shutdown event was signaled in dequeue of UserBuffQEl2yolov8m_pose/conv61!
[2025-08-14 19:59:24.078] [162697] [HailoRT] [info] [queue_elements.cpp:68] [operator()] Thread in element PullQEl_hw_read2yolov8m_pose/conv61 is not running anymore, exiting..
[2025-08-14 19:59:24.078] [145234] [HailoRT] [info] [queue_elements.cpp:46] [~BaseQueueElement] Queue element PullQEl_hw_read2yolov8m_pose/conv61 has 0 frames in his Queue on destruction
[2025-08-14 19:59:24.078] [162698] [HailoRT] [info] [queue_elements.cpp:68] [operator()] Thread in element UserBuffQEl2yolov8m_pose/conv61 is not running anymore, exiting..
[2025-08-14 19:59:24.078] [145234] [HailoRT] [info] [queue_elements.cpp:46] [~BaseQueueElement] Queue element UserBuffQEl2yolov8m_pose/conv61 has 0 frames in his Queue on destruction
[2025-08-14 19:59:24.078] [162699] [HailoRT] [info] [queue_elements.cpp:734] [run_in_thread] Shutdown event was signaled in run_pull of queue element PullQEl_hw_read8yolov8m_pose/conv75!
[2025-08-14 19:59:24.078] [162700] [HailoRT] [info] [queue_elements.cpp:855] [run_in_thread] Shutdown event was signaled in dequeue of UserBuffQEl8yolov8m_pose/conv75!
[2025-08-14 19:59:24.079] [162699] [HailoRT] [info] [queue_elements.cpp:68] [operator()] Thread in element PullQEl_hw_read8yolov8m_pose/conv75 is not running anymore, exiting..
[2025-08-14 19:59:24.079] [145234] [HailoRT] [info] [queue_elements.cpp:46] [~BaseQueueElement] Queue element PullQEl_hw_read8yolov8m_pose/conv75 has 0 frames in his Queue on destruction
[2025-08-14 19:59:24.079] [162700] [HailoRT] [info] [queue_elements.cpp:68] [operator()] Thread in element UserBuffQEl8yolov8m_pose/conv75 is not running anymore, exiting..
[2025-08-14 19:59:24.079] [145234] [HailoRT] [info] [queue_elements.cpp:46] [~BaseQueueElement] Queue element UserBuffQEl8yolov8m_pose/conv75 has 0 frames in his Queue on destruction
[2025-08-14 19:59:24.079] [162701] [HailoRT] [info] [queue_elements.cpp:734] [run_in_thread] Shutdown event was signaled in run_pull of queue element PullQEl_hw_read5yolov8m_pose/conv76!
[2025-08-14 19:59:24.079] [162702] [HailoRT] [info] [queue_elements.cpp:855] [run_in_thread] Shutdown event was signaled in dequeue of UserBuffQEl5yolov8m_pose/conv76!
[2025-08-14 19:59:24.079] [162701] [HailoRT] [info] [queue_elements.cpp:68] [operator()] Thread in element PullQEl_hw_read5yolov8m_pose/conv76 is not running anymore, exiting..
[2025-08-14 19:59:24.079] [145234] [HailoRT] [info] [queue_elements.cpp:46] [~BaseQueueElement] Queue element PullQEl_hw_read5yolov8m_pose/conv76 has 0 frames in his Queue on destruction
[2025-08-14 19:59:24.079] [162702] [HailoRT] [info] [queue_elements.cpp:68] [operator()] Thread in element UserBuffQEl5yolov8m_pose/conv76 is not running anymore, exiting..
[2025-08-14 19:59:24.079] [145234] [HailoRT] [info] [queue_elements.cpp:46] [~BaseQueueElement] Queue element UserBuffQEl5yolov8m_pose/conv76 has 0 frames in his Queue on destruction
[2025-08-14 19:59:24.079] [162703] [HailoRT] [info] [queue_elements.cpp:734] [run_in_thread] Shutdown event was signaled in run_pull of queue element PullQEl_hw_read0yolov8m_pose/conv77!
[2025-08-14 19:59:24.079] [162704] [HailoRT] [info] [queue_elements.cpp:855] [run_in_thread] Shutdown event was signaled in dequeue of UserBuffQEl0yolov8m_pose/conv77!
[2025-08-14 19:59:24.079] [162703] [HailoRT] [info] [queue_elements.cpp:68] [operator()] Thread in element PullQEl_hw_read0yolov8m_pose/conv77 is not running anymore, exiting..
[2025-08-14 19:59:24.079] [145234] [HailoRT] [info] [queue_elements.cpp:46] [~BaseQueueElement] Queue element PullQEl_hw_read0yolov8m_pose/conv77 has 0 frames in his Queue on destruction
[2025-08-14 19:59:24.079] [162704] [HailoRT] [info] [queue_elements.cpp:68] [operator()] Thread in element UserBuffQEl0yolov8m_pose/conv77 is not running anymore, exiting..
[2025-08-14 19:59:24.079] [145234] [HailoRT] [info] [queue_elements.cpp:46] [~BaseQueueElement] Queue element UserBuffQEl0yolov8m_pose/conv77 has 0 frames in his Queue on destruction
[2025-08-14 19:59:24.079] [162705] [HailoRT] [info] [queue_elements.cpp:734] [run_in_thread] Shutdown event was signaled in run_pull of queue element PullQEl_hw_read11yolov8m_pose/conv90!
[2025-08-14 19:59:24.079] [162706] [HailoRT] [info] [queue_elements.cpp:855] [run_in_thread] Shutdown event was signaled in dequeue of UserBuffQEl11yolov8m_pose/conv90!
[2025-08-14 19:59:24.079] [162705] [HailoRT] [info] [queue_elements.cpp:68] [operator()] Thread in element PullQEl_hw_read11yolov8m_pose/conv90 is not running anymore, exiting..
[2025-08-14 19:59:24.079] [145234] [HailoRT] [info] [queue_elements.cpp:46] [~BaseQueueElement] Queue element PullQEl_hw_read11yolov8m_pose/conv90 has 0 frames in his Queue on destruction
[2025-08-14 19:59:24.079] [162706] [HailoRT] [info] [queue_elements.cpp:68] [operator()] Thread in element UserBuffQEl11yolov8m_pose/conv90 is not running anymore, exiting..
[2025-08-14 19:59:24.079] [145234] [HailoRT] [info] [queue_elements.cpp:46] [~BaseQueueElement] Queue element UserBuffQEl11yolov8m_pose/conv90 has 0 frames in his Queue on destruction
[2025-08-14 19:59:24.079] [162708] [HailoRT] [info] [queue_elements.cpp:855] [run_in_thread] Shutdown event was signaled in dequeue of UserBuffQEl10yolov8m_pose/conv91!
[2025-08-14 19:59:24.079] [162707] [HailoRT] [info] [queue_elements.cpp:734] [run_in_thread] Shutdown event was signaled in run_pull of queue element PullQEl_hw_read10yolov8m_pose/conv91!
[2025-08-14 19:59:24.079] [162707] [HailoRT] [info] [queue_elements.cpp:68] [operator()] Thread in element PullQEl_hw_read10yolov8m_pose/conv91 is not running anymore, exiting..
[2025-08-14 19:59:24.079] [145234] [HailoRT] [info] [queue_elements.cpp:46] [~BaseQueueElement] Queue element PullQEl_hw_read10yolov8m_pose/conv91 has 0 frames in his Queue on destruction
[2025-08-14 19:59:24.079] [162708] [HailoRT] [info] [queue_elements.cpp:68] [operator()] Thread in element UserBuffQEl10yolov8m_pose/conv91 is not running anymore, exiting..
[2025-08-14 19:59:24.079] [145234] [HailoRT] [info] [queue_elements.cpp:46] [~BaseQueueElement] Queue element UserBuffQEl10yolov8m_pose/conv91 has 0 frames in his Queue on destruction
[2025-08-14 19:59:24.079] [162709] [HailoRT] [info] [queue_elements.cpp:734] [run_in_thread] Shutdown event was signaled in run_pull of queue element PullQEl_hw_read9yolov8m_pose/conv92!
[2025-08-14 19:59:24.079] [162710] [HailoRT] [info] [queue_elements.cpp:855] [run_in_thread] Shutdown event was signaled in dequeue of UserBuffQEl9yolov8m_pose/conv92!
[2025-08-14 19:59:24.079] [162709] [HailoRT] [info] [queue_elements.cpp:68] [operator()] Thread in element PullQEl_hw_read9yolov8m_pose/conv92 is not running anymore, exiting..
[2025-08-14 19:59:24.079] [145234] [HailoRT] [info] [queue_elements.cpp:46] [~BaseQueueElement] Queue element PullQEl_hw_read9yolov8m_pose/conv92 has 0 frames in his Queue on destruction
[2025-08-14 19:59:24.079] [162710] [HailoRT] [info] [queue_elements.cpp:68] [operator()] Thread in element UserBuffQEl9yolov8m_pose/conv92 is not running anymore, exiting..
[2025-08-14 19:59:24.079] [145234] [HailoRT] [info] [queue_elements.cpp:46] [~BaseQueueElement] Queue element UserBuffQEl9yolov8m_pose/conv92 has 0 frames in his Queue on destruction
[2025-08-14 19:59:24.219] [145234] [HailoRT] [info] [vdevice.cpp:535] [create] Creating vdevice with params: device_count: 1, scheduling_algorithm: NONE, multi_process_service: false
[2025-08-14 19:59:24.231] [145234] [HailoRT] [info] [device.cpp:51] [Device] OS Version: Linux 6.5.0-44-generic #44~22.04.1-Ubuntu SMP PREEMPT_DYNAMIC Tue Jun 18 14:36:16 UTC 2 x86_64
[2025-08-14 19:59:24.231] [145234] [HailoRT] [info] [control.cpp:113] [control__parse_identify_results] firmware_version is: 4.22.0
[2025-08-14 19:59:24.231] [145234] [HailoRT] [info] [vdevice.cpp:682] [create] VDevice Infos: 0000:03:00.0
[2025-08-14 19:59:24.243] [145234] [HailoRT] [info] [buffer_requirements.cpp:198] [find_initial_desc_page_size] Using non-default initial_desc_page_size of 64, due to a small transfer size (8)
[2025-08-14 19:59:24.243] [145234] [HailoRT] [info] [internal_buffer_manager.cpp:75] [print_execution_results] Default Internal buffer planner failed to meet requirements
[2025-08-14 19:59:24.243] [145234] [HailoRT] [info] [internal_buffer_manager.cpp:86] [print_execution_results] Default Internal buffer planner executed successfully
[2025-08-14 19:59:24.251] [145234] [HailoRT] [info] [device_internal.cpp:57] [configure] Configuring HEF took 13.098446 milliseconds
[2025-08-14 19:59:24.251] [145234] [HailoRT] [info] [vdevice.cpp:780] [configure] Configuring HEF on VDevice took 13.403128 milliseconds
[2025-08-14 19:59:24.251] [145234] [HailoRT] [info] [hef.cpp:1994] [get_network_group_and_network_name] No name was given. Addressing all networks of default network_group: mobilenet
[2025-08-14 19:59:24.251] [145234] [HailoRT] [info] [hef.cpp:1994] [get_network_group_and_network_name] No name was given. Addressing all networks of default network_group: mobilenet
[2025-08-14 19:59:24.258] [145234] [HailoRT] [info] [edge_elements.cpp:52] [create] Created (HwWriteEl1mobilenet/input_layer1 | hw_frame_size: 150528)
[2025-08-14 19:59:24.258] [145234] [HailoRT] [info] [vstream.cpp:754] [InputVStreamImpl] Creating mobilenet/input_layer1...
[2025-08-14 19:59:24.258] [145234] [HailoRT] [info] [vstream_builder.cpp:102] [create_inputs] Input pipeline 'mobilenet/input_layer1': (HwWriteEl1mobilenet/input_layer1 | hw_frame_size: 150528) >> HW
[2025-08-14 19:59:24.258] [145234] [HailoRT] [info] [edge_elements.cpp:287] [create] Created (HwReadEl0mobilenet/fc18 | hw_frame_size: 8)
[2025-08-14 19:59:24.258] [145234] [HailoRT] [info] [queue_elements.cpp:657] [create] Created (PullQEl_hw_read0mobilenet/fc18)
[2025-08-14 19:59:24.259] [145234] [HailoRT] [info] [filter_elements.cpp:372] [create] Created (PostInferEl0mobilenet/fc18 | Padding Periph shape - src_shape: (1, 1, 2), dst_shape: (1, 1, 2))
[2025-08-14 19:59:24.259] [145234] [HailoRT] [info] [queue_elements.cpp:800] [create] Created (UserBuffQEl0mobilenet/fc18 | timeout: 10s)
[2025-08-14 19:59:24.259] [145234] [HailoRT] [info] [vstream.cpp:1114] [OutputVStreamImpl] Creating mobilenet/fc18...
[2025-08-14 19:59:24.259] [145234] [HailoRT] [info] [vstream_builder.cpp:220] [create_outputs] Output pipeline 'mobilenet/fc18': HW >> (HwReadEl0mobilenet/fc18 | hw_frame_size: 8) >> (PullQEl_hw_read0mobilenet/fc18) >> (PostInferEl0mobilenet/fc18 | Padding Periph shape - src_shape: (1, 1, 2), dst_shape: (1, 1, 2)) >> (UserBuffQEl0mobilenet/fc18 | timeout: 10s)
[2025-08-14 19:59:24.259] [145234] [HailoRT] [info] [core_op.cpp:156] [activate] Activating mobilenet took 0.351041 milliseconds. Note that the function is asynchronous and thus the network is not fully activated yet.
[2025-08-14 19:59:24.259] [145234] [HailoRT] [info] [core_op.cpp:156] [activate] Activating mobilenet took 0.377649 milliseconds. Note that the function is asynchronous and thus the network is not fully activated yet.
[2025-08-14 19:59:24.271] [162725] [HailoRT] [info] [vdevice_native_stream.cpp:331] [read_impl] Failed read from stream HAILO_STREAM_NOT_ACTIVATED(72) (device: 0000:03:00.0)
[2025-08-14 19:59:24.272] [145234] [HailoRT] [info] [core_op.cpp:186] [deactivate] Deactivating took 0.488968 ms
[2025-08-14 19:59:24.272] [145234] [HailoRT] [info] [core_op.cpp:186] [deactivate] Deactivating took 0.50094 ms
[2025-08-14 19:59:24.272] [162726] [HailoRT] [info] [queue_elements.cpp:855] [run_in_thread] Shutdown event was signaled in dequeue of UserBuffQEl0mobilenet/fc18!
[2025-08-14 19:59:24.272] [162725] [HailoRT] [info] [queue_elements.cpp:734] [run_in_thread] Shutdown event was signaled in run_pull of queue element PullQEl_hw_read0mobilenet/fc18!
[2025-08-14 19:59:24.272] [162725] [HailoRT] [info] [queue_elements.cpp:68] [operator()] Thread in element PullQEl_hw_read0mobilenet/fc18 is not running anymore, exiting..
[2025-08-14 19:59:24.272] [145234] [HailoRT] [info] [queue_elements.cpp:46] [~BaseQueueElement] Queue element PullQEl_hw_read0mobilenet/fc18 has 0 frames in his Queue on destruction
[2025-08-14 19:59:24.272] [162726] [HailoRT] [info] [queue_elements.cpp:68] [operator()] Thread in element UserBuffQEl0mobilenet/fc18 is not running anymore, exiting..
[2025-08-14 19:59:24.272] [145234] [HailoRT] [info] [queue_elements.cpp:46] [~BaseQueueElement] Queue element UserBuffQEl0mobilenet/fc18 has 0 frames in his Queue on destruction
[2025-08-14 19:59:24.374] [145234] [HailoRT] [info] [vdevice.cpp:535] [create] Creating vdevice with params: device_count: 1, scheduling_algorithm: NONE, multi_process_service: false
[2025-08-14 19:59:24.386] [145234] [HailoRT] [info] [device.cpp:51] [Device] OS Version: Linux 6.5.0-44-generic #44~22.04.1-Ubuntu SMP PREEMPT_DYNAMIC Tue Jun 18 14:36:16 UTC 2 x86_64
[2025-08-14 19:59:24.387] [145234] [HailoRT] [info] [control.cpp:113] [control__parse_identify_results] firmware_version is: 4.22.0
[2025-08-14 19:59:24.387] [145234] [HailoRT] [info] [vdevice.cpp:682] [create] VDevice Infos: 0000:03:00.0
[2025-08-14 19:59:24.410] [145234] [HailoRT] [info] [internal_buffer_manager.cpp:77] [print_execution_results] Planned internal buffer memory: CMA=0 CMA-Desc=262144 Pinned=2997248. memory to edge layer usage factor is 1
[2025-08-14 19:59:24.410] [145234] [HailoRT] [info] [internal_buffer_manager.cpp:86] [print_execution_results] Default Internal buffer planner executed successfully
[2025-08-14 19:59:24.480] [145234] [HailoRT] [info] [device_internal.cpp:57] [configure] Configuring HEF took 78.315229 milliseconds
[2025-08-14 19:59:24.481] [145234] [HailoRT] [info] [vdevice.cpp:780] [configure] Configuring HEF on VDevice took 78.792287 milliseconds
[2025-08-14 19:59:24.482] [145234] [HailoRT] [info] [edge_elements.cpp:52] [create] Created (HwWriteEl3yolov8m_pose/input_layer1 | hw_frame_size: 1228800)
[2025-08-14 19:59:24.482] [145234] [HailoRT] [info] [vstream.cpp:754] [InputVStreamImpl] Creating yolov8m_pose/input_layer1...
[2025-08-14 19:59:24.482] [145234] [HailoRT] [info] [vstream_builder.cpp:102] [create_inputs] Input pipeline 'yolov8m_pose/input_layer1': (HwWriteEl3yolov8m_pose/input_layer1 | hw_frame_size: 1228800) >> HW
[2025-08-14 19:59:24.482] [145234] [HailoRT] [info] [edge_elements.cpp:287] [create] Created (HwReadEl1yolov8m_pose/conv59 | hw_frame_size: 409600)
[2025-08-14 19:59:24.482] [145234] [HailoRT] [warning] [transform.cpp:57] [should_quantize_by_type] The model compiled for type UINT8, while the dst type is UINT16. libhailort will type-cast every value which might reduce performance. Consider recompiling the model.
[2025-08-14 19:59:24.482] [145234] [HailoRT] [info] [queue_elements.cpp:657] [create] Created (PullQEl_hw_read1yolov8m_pose/conv59)
[2025-08-14 19:59:24.482] [145234] [HailoRT] [warning] [transform.cpp:57] [should_quantize_by_type] The model compiled for type UINT8, while the dst type is UINT16. libhailort will type-cast every value which might reduce performance. Consider recompiling the model.
[2025-08-14 19:59:24.482] [145234] [HailoRT] [info] [filter_elements.cpp:372] [create] Created (PostInferEl1yolov8m_pose/conv59 | Quantization - src_type: UINT8, dst_type UINT16, limvals_min: -5.99085, limvals_max: 14.9361)
[2025-08-14 19:59:24.483] [145234] [HailoRT] [info] [queue_elements.cpp:800] [create] Created (UserBuffQEl1yolov8m_pose/conv59 | timeout: 10s)
[2025-08-14 19:59:24.483] [145234] [HailoRT] [info] [vstream.cpp:1114] [OutputVStreamImpl] Creating yolov8m_pose/conv59...
[2025-08-14 19:59:24.483] [145234] [HailoRT] [info] [vstream_builder.cpp:220] [create_outputs] Output pipeline 'yolov8m_pose/conv59': HW >> (HwReadEl1yolov8m_pose/conv59 | hw_frame_size: 409600) >> (PullQEl_hw_read1yolov8m_pose/conv59) >> (PostInferEl1yolov8m_pose/conv59 | Quantization - src_type: UINT8, dst_type UINT16, limvals_min: -5.99085, limvals_max: 14.9361) >> (UserBuffQEl1yolov8m_pose/conv59 | timeout: 10s)
[2025-08-14 19:59:24.483] [145234] [HailoRT] [info] [edge_elements.cpp:287] [create] Created (HwReadEl3yolov8m_pose/conv60 | hw_frame_size: 6400)
[2025-08-14 19:59:24.483] [145234] [HailoRT] [warning] [transform.cpp:57] [should_quantize_by_type] The model compiled for type UINT8, while the dst type is UINT16. libhailort will type-cast every value which might reduce performance. Consider recompiling the model.
[2025-08-14 19:59:24.483] [145234] [HailoRT] [info] [queue_elements.cpp:657] [create] Created (PullQEl_hw_read3yolov8m_pose/conv60)
[2025-08-14 19:59:24.483] [145234] [HailoRT] [warning] [transform.cpp:57] [should_quantize_by_type] The model compiled for type UINT8, while the dst type is UINT16. libhailort will type-cast every value which might reduce performance. Consider recompiling the model.
[2025-08-14 19:59:24.483] [145234] [HailoRT] [info] [filter_elements.cpp:372] [create] Created (PostInferEl3yolov8m_pose/conv60 | Quantization - src_type: UINT8, dst_type UINT16, limvals_min: 0, limvals_max: 1)
[2025-08-14 19:59:24.483] [145234] [HailoRT] [info] [queue_elements.cpp:800] [create] Created (UserBuffQEl3yolov8m_pose/conv60 | timeout: 10s)
[2025-08-14 19:59:24.483] [145234] [HailoRT] [info] [vstream.cpp:1114] [OutputVStreamImpl] Creating yolov8m_pose/conv60...
[2025-08-14 19:59:24.483] [145234] [HailoRT] [info] [vstream_builder.cpp:220] [create_outputs] Output pipeline 'yolov8m_pose/conv60': HW >> (HwReadEl3yolov8m_pose/conv60 | hw_frame_size: 6400) >> (PullQEl_hw_read3yolov8m_pose/conv60) >> (PostInferEl3yolov8m_pose/conv60 | Quantization - src_type: UINT8, dst_type UINT16, limvals_min: 0, limvals_max: 1) >> (UserBuffQEl3yolov8m_pose/conv60 | timeout: 10s)
[2025-08-14 19:59:24.483] [145234] [HailoRT] [info] [edge_elements.cpp:287] [create] Created (HwReadEl2yolov8m_pose/conv61 | hw_frame_size: 716800)
[2025-08-14 19:59:24.483] [145234] [HailoRT] [info] [queue_elements.cpp:657] [create] Created (PullQEl_hw_read2yolov8m_pose/conv61)
[2025-08-14 19:59:24.483] [145234] [HailoRT] [info] [filter_elements.cpp:372] [create] Created (PostInferEl2yolov8m_pose/conv61 | Reorder - src_order: FCR, src_shape: (80, 80, 56), dst_order: FCR, dst_shape: (80, 80, 51))
[2025-08-14 19:59:24.483] [145234] [HailoRT] [info] [queue_elements.cpp:800] [create] Created (UserBuffQEl2yolov8m_pose/conv61 | timeout: 10s)
[2025-08-14 19:59:24.483] [145234] [HailoRT] [info] [vstream.cpp:1114] [OutputVStreamImpl] Creating yolov8m_pose/conv61...
[2025-08-14 19:59:24.483] [145234] [HailoRT] [info] [vstream_builder.cpp:220] [create_outputs] Output pipeline 'yolov8m_pose/conv61': HW >> (HwReadEl2yolov8m_pose/conv61 | hw_frame_size: 716800) >> (PullQEl_hw_read2yolov8m_pose/conv61) >> (PostInferEl2yolov8m_pose/conv61 | Reorder - src_order: FCR, src_shape: (80, 80, 56), dst_order: FCR, dst_shape: (80, 80, 51)) >> (UserBuffQEl2yolov8m_pose/conv61 | timeout: 10s)
[2025-08-14 19:59:24.483] [145234] [HailoRT] [info] [edge_elements.cpp:287] [create] Created (HwReadEl8yolov8m_pose/conv75 | hw_frame_size: 102400)
[2025-08-14 19:59:24.483] [145234] [HailoRT] [warning] [transform.cpp:57] [should_quantize_by_type] The model compiled for type UINT8, while the dst type is UINT16. libhailort will type-cast every value which might reduce performance. Consider recompiling the model.
[2025-08-14 19:59:24.485] [145234] [HailoRT] [info] [queue_elements.cpp:657] [create] Created (PullQEl_hw_read8yolov8m_pose/conv75)
[2025-08-14 19:59:24.485] [145234] [HailoRT] [warning] [transform.cpp:57] [should_quantize_by_type] The model compiled for type UINT8, while the dst type is UINT16. libhailort will type-cast every value which might reduce performance. Consider recompiling the model.
[2025-08-14 19:59:24.485] [145234] [HailoRT] [info] [filter_elements.cpp:372] [create] Created (PostInferEl8yolov8m_pose/conv75 | Quantization - src_type: UINT8, dst_type UINT16, limvals_min: -7.00621, limvals_max: 13.5292)
[2025-08-14 19:59:24.485] [145234] [HailoRT] [info] [queue_elements.cpp:800] [create] Created (UserBuffQEl8yolov8m_pose/conv75 | timeout: 10s)
[2025-08-14 19:59:24.485] [145234] [HailoRT] [info] [vstream.cpp:1114] [OutputVStreamImpl] Creating yolov8m_pose/conv75...
[2025-08-14 19:59:24.485] [145234] [HailoRT] [info] [vstream_builder.cpp:220] [create_outputs] Output pipeline 'yolov8m_pose/conv75': HW >> (HwReadEl8yolov8m_pose/conv75 | hw_frame_size: 102400) >> (PullQEl_hw_read8yolov8m_pose/conv75) >> (PostInferEl8yolov8m_pose/conv75 | Quantization - src_type: UINT8, dst_type UINT16, limvals_min: -7.00621, limvals_max: 13.5292) >> (UserBuffQEl8yolov8m_pose/conv75 | timeout: 10s)
[2025-08-14 19:59:24.485] [145234] [HailoRT] [info] [edge_elements.cpp:287] [create] Created (HwReadEl5yolov8m_pose/conv76 | hw_frame_size: 1600)
[2025-08-14 19:59:24.485] [145234] [HailoRT] [warning] [transform.cpp:57] [should_quantize_by_type] The model compiled for type UINT8, while the dst type is UINT16. libhailort will type-cast every value which might reduce performance. Consider recompiling the model.
[2025-08-14 19:59:24.486] [145234] [HailoRT] [info] [queue_elements.cpp:657] [create] Created (PullQEl_hw_read5yolov8m_pose/conv76)
[2025-08-14 19:59:24.486] [145234] [HailoRT] [warning] [transform.cpp:57] [should_quantize_by_type] The model compiled for type UINT8, while the dst type is UINT16. libhailort will type-cast every value which might reduce performance. Consider recompiling the model.
[2025-08-14 19:59:24.486] [145234] [HailoRT] [info] [filter_elements.cpp:372] [create] Created (PostInferEl5yolov8m_pose/conv76 | Quantization - src_type: UINT8, dst_type UINT16, limvals_min: 0, limvals_max: 1)
[2025-08-14 19:59:24.486] [145234] [HailoRT] [info] [queue_elements.cpp:800] [create] Created (UserBuffQEl5yolov8m_pose/conv76 | timeout: 10s)
[2025-08-14 19:59:24.486] [145234] [HailoRT] [info] [vstream.cpp:1114] [OutputVStreamImpl] Creating yolov8m_pose/conv76...
[2025-08-14 19:59:24.486] [145234] [HailoRT] [info] [vstream_builder.cpp:220] [create_outputs] Output pipeline 'yolov8m_pose/conv76': HW >> (HwReadEl5yolov8m_pose/conv76 | hw_frame_size: 1600) >> (PullQEl_hw_read5yolov8m_pose/conv76) >> (PostInferEl5yolov8m_pose/conv76 | Quantization - src_type: UINT8, dst_type UINT16, limvals_min: 0, limvals_max: 1) >> (UserBuffQEl5yolov8m_pose/conv76 | timeout: 10s)
[2025-08-14 19:59:24.486] [145234] [HailoRT] [info] [edge_elements.cpp:287] [create] Created (HwReadEl0yolov8m_pose/conv77 | hw_frame_size: 179200)
[2025-08-14 19:59:24.486] [145234] [HailoRT] [info] [queue_elements.cpp:657] [create] Created (PullQEl_hw_read0yolov8m_pose/conv77)
[2025-08-14 19:59:24.486] [145234] [HailoRT] [info] [filter_elements.cpp:372] [create] Created (PostInferEl0yolov8m_pose/conv77 | Reorder - src_order: FCR, src_shape: (40, 40, 56), dst_order: FCR, dst_shape: (40, 40, 51))
[2025-08-14 19:59:24.486] [145234] [HailoRT] [info] [queue_elements.cpp:800] [create] Created (UserBuffQEl0yolov8m_pose/conv77 | timeout: 10s)
[2025-08-14 19:59:24.486] [145234] [HailoRT] [info] [vstream.cpp:1114] [OutputVStreamImpl] Creating yolov8m_pose/conv77...
[2025-08-14 19:59:24.486] [145234] [HailoRT] [info] [vstream_builder.cpp:220] [create_outputs] Output pipeline 'yolov8m_pose/conv77': HW >> (HwReadEl0yolov8m_pose/conv77 | hw_frame_size: 179200) >> (PullQEl_hw_read0yolov8m_pose/conv77) >> (PostInferEl0yolov8m_pose/conv77 | Reorder - src_order: FCR, src_shape: (40, 40, 56), dst_order: FCR, dst_shape: (40, 40, 51)) >> (UserBuffQEl0yolov8m_pose/conv77 | timeout: 10s)
[2025-08-14 19:59:24.486] [145234] [HailoRT] [info] [edge_elements.cpp:287] [create] Created (HwReadEl11yolov8m_pose/conv90 | hw_frame_size: 25600)
[2025-08-14 19:59:24.486] [145234] [HailoRT] [warning] [transform.cpp:57] [should_quantize_by_type] The model compiled for type UINT8, while the dst type is UINT16. libhailort will type-cast every value which might reduce performance. Consider recompiling the model.
[2025-08-14 19:59:24.486] [145234] [HailoRT] [info] [queue_elements.cpp:657] [create] Created (PullQEl_hw_read11yolov8m_pose/conv90)
[2025-08-14 19:59:24.486] [145234] [HailoRT] [warning] [transform.cpp:57] [should_quantize_by_type] The model compiled for type UINT8, while the dst type is UINT16. libhailort will type-cast every value which might reduce performance. Consider recompiling the model.
[2025-08-14 19:59:24.486] [145234] [HailoRT] [info] [filter_elements.cpp:372] [create] Created (PostInferEl11yolov8m_pose/conv90 | Quantization - src_type: UINT8, dst_type UINT16, limvals_min: -5.78642, limvals_max: 12.4301)
[2025-08-14 19:59:24.486] [145234] [HailoRT] [info] [queue_elements.cpp:800] [create] Created (UserBuffQEl11yolov8m_pose/conv90 | timeout: 10s)
[2025-08-14 19:59:24.486] [145234] [HailoRT] [info] [vstream.cpp:1114] [OutputVStreamImpl] Creating yolov8m_pose/conv90...
[2025-08-14 19:59:24.486] [145234] [HailoRT] [info] [vstream_builder.cpp:220] [create_outputs] Output pipeline 'yolov8m_pose/conv90': HW >> (HwReadEl11yolov8m_pose/conv90 | hw_frame_size: 25600) >> (PullQEl_hw_read11yolov8m_pose/conv90) >> (PostInferEl11yolov8m_pose/conv90 | Quantization - src_type: UINT8, dst_type UINT16, limvals_min: -5.78642, limvals_max: 12.4301) >> (UserBuffQEl11yolov8m_pose/conv90 | timeout: 10s)
[2025-08-14 19:59:24.486] [145234] [HailoRT] [info] [edge_elements.cpp:287] [create] Created (HwReadEl10yolov8m_pose/conv91 | hw_frame_size: 400)
[2025-08-14 19:59:24.486] [145234] [HailoRT] [warning] [transform.cpp:57] [should_quantize_by_type] The model compiled for type UINT8, while the dst type is UINT16. libhailort will type-cast every value which might reduce performance. Consider recompiling the model.
[2025-08-14 19:59:24.487] [145234] [HailoRT] [info] [queue_elements.cpp:657] [create] Created (PullQEl_hw_read10yolov8m_pose/conv91)
[2025-08-14 19:59:24.487] [145234] [HailoRT] [warning] [transform.cpp:57] [should_quantize_by_type] The model compiled for type UINT8, while the dst type is UINT16. libhailort will type-cast every value which might reduce performance. Consider recompiling the model.
[2025-08-14 19:59:24.487] [145234] [HailoRT] [info] [filter_elements.cpp:372] [create] Created (PostInferEl10yolov8m_pose/conv91 | Quantization - src_type: UINT8, dst_type UINT16, limvals_min: 0, limvals_max: 1)
[2025-08-14 19:59:24.487] [145234] [HailoRT] [info] [queue_elements.cpp:800] [create] Created (UserBuffQEl10yolov8m_pose/conv91 | timeout: 10s)
[2025-08-14 19:59:24.487] [145234] [HailoRT] [info] [vstream.cpp:1114] [OutputVStreamImpl] Creating yolov8m_pose/conv91...
[2025-08-14 19:59:24.487] [145234] [HailoRT] [info] [vstream_builder.cpp:220] [create_outputs] Output pipeline 'yolov8m_pose/conv91': HW >> (HwReadEl10yolov8m_pose/conv91 | hw_frame_size: 400) >> (PullQEl_hw_read10yolov8m_pose/conv91) >> (PostInferEl10yolov8m_pose/conv91 | Quantization - src_type: UINT8, dst_type UINT16, limvals_min: 0, limvals_max: 1) >> (UserBuffQEl10yolov8m_pose/conv91 | timeout: 10s)
[2025-08-14 19:59:24.487] [145234] [HailoRT] [info] [edge_elements.cpp:287] [create] Created (HwReadEl9yolov8m_pose/conv92 | hw_frame_size: 44800)
[2025-08-14 19:59:24.487] [145234] [HailoRT] [info] [queue_elements.cpp:657] [create] Created (PullQEl_hw_read9yolov8m_pose/conv92)
[2025-08-14 19:59:24.487] [145234] [HailoRT] [info] [filter_elements.cpp:372] [create] Created (PostInferEl9yolov8m_pose/conv92 | Reorder - src_order: FCR, src_shape: (20, 20, 56), dst_order: FCR, dst_shape: (20, 20, 51))
[2025-08-14 19:59:24.487] [145234] [HailoRT] [info] [queue_elements.cpp:800] [create] Created (UserBuffQEl9yolov8m_pose/conv92 | timeout: 10s)
[2025-08-14 19:59:24.487] [145234] [HailoRT] [info] [vstream.cpp:1114] [OutputVStreamImpl] Creating yolov8m_pose/conv92...
[2025-08-14 19:59:24.487] [145234] [HailoRT] [info] [vstream_builder.cpp:220] [create_outputs] Output pipeline 'yolov8m_pose/conv92': HW >> (HwReadEl9yolov8m_pose/conv92 | hw_frame_size: 44800) >> (PullQEl_hw_read9yolov8m_pose/conv92) >> (PostInferEl9yolov8m_pose/conv92 | Reorder - src_order: FCR, src_shape: (20, 20, 56), dst_order: FCR, dst_shape: (20, 20, 51)) >> (UserBuffQEl9yolov8m_pose/conv92 | timeout: 10s)
[2025-08-14 19:59:24.488] [145234] [HailoRT] [info] [core_op.cpp:156] [activate] Activating yolov8m_pose took 0.776182 milliseconds. Note that the function is asynchronous and thus the network is not fully activated yet.
[2025-08-14 19:59:24.488] [145234] [HailoRT] [info] [core_op.cpp:156] [activate] Activating yolov8m_pose took 0.791939 milliseconds. Note that the function is asynchronous and thus the network is not fully activated yet.
[2025-08-14 19:59:24.488] [145234] [HailoRT] [info] [hef.cpp:1994] [get_network_group_and_network_name] No name was given. Addressing all networks of default network_group: yolov8m_pose
[2025-08-14 19:59:24.504] [145234] [HailoRT] [info] [hef.cpp:1994] [get_network_group_and_network_name] No name was given. Addressing all networks of default network_group: yolov8m_pose
[2025-08-14 19:59:24.504] [145234] [HailoRT] [info] [hef.cpp:1994] [get_network_group_and_network_name] No name was given. Addressing all networks of default network_group: yolov8m_pose
[2025-08-14 19:59:24.504] [162739] [HailoRT] [info] [vdevice_native_stream.cpp:331] [read_impl] Failed read from stream HAILO_STREAM_NOT_ACTIVATED(72) (device: 0000:03:00.0)
[2025-08-14 19:59:24.504] [162735] [HailoRT] [info] [vdevice_native_stream.cpp:331] [read_impl] Failed read from stream HAILO_STREAM_NOT_ACTIVATED(72) (device: 0000:03:00.0)
[2025-08-14 19:59:24.504] [162737] [HailoRT] [info] [vdevice_native_stream.cpp:331] [read_impl] Failed read from stream HAILO_STREAM_NOT_ACTIVATED(72) (device: 0000:03:00.0)
[2025-08-14 19:59:24.504] [162733] [HailoRT] [info] [vdevice_native_stream.cpp:331] [read_impl] Failed read from stream HAILO_STREAM_NOT_ACTIVATED(72) (device: 0000:03:00.0)
[2025-08-14 19:59:24.504] [162741] [HailoRT] [info] [vdevice_native_stream.cpp:331] [read_impl] Failed read from stream HAILO_STREAM_NOT_ACTIVATED(72) (device: 0000:03:00.0)
[2025-08-14 19:59:24.504] [162745] [HailoRT] [info] [vdevice_native_stream.cpp:331] [read_impl] Failed read from stream HAILO_STREAM_NOT_ACTIVATED(72) (device: 0000:03:00.0)
[2025-08-14 19:59:24.504] [162749] [HailoRT] [info] [vdevice_native_stream.cpp:331] [read_impl] Failed read from stream HAILO_STREAM_NOT_ACTIVATED(72) (device: 0000:03:00.0)
[2025-08-14 19:59:24.504] [162743] [HailoRT] [info] [vdevice_native_stream.cpp:331] [read_impl] Failed read from stream HAILO_STREAM_NOT_ACTIVATED(72) (device: 0000:03:00.0)
[2025-08-14 19:59:24.504] [162747] [HailoRT] [info] [vdevice_native_stream.cpp:331] [read_impl] Failed read from stream HAILO_STREAM_NOT_ACTIVATED(72) (device: 0000:03:00.0)
[2025-08-14 19:59:24.505] [145234] [HailoRT] [info] [core_op.cpp:186] [deactivate] Deactivating took 0.561813 ms
[2025-08-14 19:59:24.505] [145234] [HailoRT] [info] [core_op.cpp:186] [deactivate] Deactivating took 0.573806 ms
[2025-08-14 19:59:24.505] [162734] [HailoRT] [info] [queue_elements.cpp:855] [run_in_thread] Shutdown event was signaled in dequeue of UserBuffQEl1yolov8m_pose/conv59!
[2025-08-14 19:59:24.505] [162733] [HailoRT] [info] [queue_elements.cpp:734] [run_in_thread] Shutdown event was signaled in run_pull of queue element PullQEl_hw_read1yolov8m_pose/conv59!
[2025-08-14 19:59:24.505] [162733] [HailoRT] [info] [queue_elements.cpp:68] [operator()] Thread in element PullQEl_hw_read1yolov8m_pose/conv59 is not running anymore, exiting..
[2025-08-14 19:59:24.505] [145234] [HailoRT] [info] [queue_elements.cpp:46] [~BaseQueueElement] Queue element PullQEl_hw_read1yolov8m_pose/conv59 has 0 frames in his Queue on destruction
[2025-08-14 19:59:24.505] [162734] [HailoRT] [info] [queue_elements.cpp:68] [operator()] Thread in element UserBuffQEl1yolov8m_pose/conv59 is not running anymore, exiting..
[2025-08-14 19:59:24.505] [145234] [HailoRT] [info] [queue_elements.cpp:46] [~BaseQueueElement] Queue element UserBuffQEl1yolov8m_pose/conv59 has 0 frames in his Queue on destruction
[2025-08-14 19:59:24.505] [162735] [HailoRT] [info] [queue_elements.cpp:734] [run_in_thread] Shutdown event was signaled in run_pull of queue element PullQEl_hw_read3yolov8m_pose/conv60!
[2025-08-14 19:59:24.505] [162736] [HailoRT] [info] [queue_elements.cpp:855] [run_in_thread] Shutdown event was signaled in dequeue of UserBuffQEl3yolov8m_pose/conv60!
[2025-08-14 19:59:24.505] [162735] [HailoRT] [info] [queue_elements.cpp:68] [operator()] Thread in element PullQEl_hw_read3yolov8m_pose/conv60 is not running anymore, exiting..
[2025-08-14 19:59:24.505] [145234] [HailoRT] [info] [queue_elements.cpp:46] [~BaseQueueElement] Queue element PullQEl_hw_read3yolov8m_pose/conv60 has 0 frames in his Queue on destruction
[2025-08-14 19:59:24.505] [162736] [HailoRT] [info] [queue_elements.cpp:68] [operator()] Thread in element UserBuffQEl3yolov8m_pose/conv60 is not running anymore, exiting..
[2025-08-14 19:59:24.505] [145234] [HailoRT] [info] [queue_elements.cpp:46] [~BaseQueueElement] Queue element UserBuffQEl3yolov8m_pose/conv60 has 0 frames in his Queue on destruction
[2025-08-14 19:59:24.505] [162737] [HailoRT] [info] [queue_elements.cpp:734] [run_in_thread] Shutdown event was signaled in run_pull of queue element PullQEl_hw_read2yolov8m_pose/conv61!
[2025-08-14 19:59:24.505] [162738] [HailoRT] [info] [queue_elements.cpp:855] [run_in_thread] Shutdown event was signaled in dequeue of UserBuffQEl2yolov8m_pose/conv61!
[2025-08-14 19:59:24.505] [162737] [HailoRT] [info] [queue_elements.cpp:68] [operator()] Thread in element PullQEl_hw_read2yolov8m_pose/conv61 is not running anymore, exiting..
[2025-08-14 19:59:24.505] [145234] [HailoRT] [info] [queue_elements.cpp:46] [~BaseQueueElement] Queue element PullQEl_hw_read2yolov8m_pose/conv61 has 0 frames in his Queue on destruction
[2025-08-14 19:59:24.505] [162738] [HailoRT] [info] [queue_elements.cpp:68] [operator()] Thread in element UserBuffQEl2yolov8m_pose/conv61 is not running anymore, exiting..
[2025-08-14 19:59:24.505] [145234] [HailoRT] [info] [queue_elements.cpp:46] [~BaseQueueElement] Queue element UserBuffQEl2yolov8m_pose/conv61 has 0 frames in his Queue on destruction
[2025-08-14 19:59:24.505] [162740] [HailoRT] [info] [queue_elements.cpp:855] [run_in_thread] Shutdown event was signaled in dequeue of UserBuffQEl8yolov8m_pose/conv75!
[2025-08-14 19:59:24.505] [162739] [HailoRT] [info] [queue_elements.cpp:734] [run_in_thread] Shutdown event was signaled in run_pull of queue element PullQEl_hw_read8yolov8m_pose/conv75!
[2025-08-14 19:59:24.505] [162739] [HailoRT] [info] [queue_elements.cpp:68] [operator()] Thread in element PullQEl_hw_read8yolov8m_pose/conv75 is not running anymore, exiting..
[2025-08-14 19:59:24.505] [145234] [HailoRT] [info] [queue_elements.cpp:46] [~BaseQueueElement] Queue element PullQEl_hw_read8yolov8m_pose/conv75 has 0 frames in his Queue on destruction
[2025-08-14 19:59:24.505] [162740] [HailoRT] [info] [queue_elements.cpp:68] [operator()] Thread in element UserBuffQEl8yolov8m_pose/conv75 is not running anymore, exiting..
[2025-08-14 19:59:24.505] [145234] [HailoRT] [info] [queue_elements.cpp:46] [~BaseQueueElement] Queue element UserBuffQEl8yolov8m_pose/conv75 has 0 frames in his Queue on destruction
[2025-08-14 19:59:24.505] [162742] [HailoRT] [info] [queue_elements.cpp:855] [run_in_thread] Shutdown event was signaled in dequeue of UserBuffQEl5yolov8m_pose/conv76!
[2025-08-14 19:59:24.505] [162741] [HailoRT] [info] [queue_elements.cpp:734] [run_in_thread] Shutdown event was signaled in run_pull of queue element PullQEl_hw_read5yolov8m_pose/conv76!
[2025-08-14 19:59:24.505] [162741] [HailoRT] [info] [queue_elements.cpp:68] [operator()] Thread in element PullQEl_hw_read5yolov8m_pose/conv76 is not running anymore, exiting..
[2025-08-14 19:59:24.505] [145234] [HailoRT] [info] [queue_elements.cpp:46] [~BaseQueueElement] Queue element PullQEl_hw_read5yolov8m_pose/conv76 has 0 frames in his Queue on destruction
[2025-08-14 19:59:24.505] [162742] [HailoRT] [info] [queue_elements.cpp:68] [operator()] Thread in element UserBuffQEl5yolov8m_pose/conv76 is not running anymore, exiting..
[2025-08-14 19:59:24.505] [145234] [HailoRT] [info] [queue_elements.cpp:46] [~BaseQueueElement] Queue element UserBuffQEl5yolov8m_pose/conv76 has 0 frames in his Queue on destruction
[2025-08-14 19:59:24.505] [162744] [HailoRT] [info] [queue_elements.cpp:855] [run_in_thread] Shutdown event was signaled in dequeue of UserBuffQEl0yolov8m_pose/conv77!
[2025-08-14 19:59:24.505] [162743] [HailoRT] [info] [queue_elements.cpp:734] [run_in_thread] Shutdown event was signaled in run_pull of queue element PullQEl_hw_read0yolov8m_pose/conv77!
[2025-08-14 19:59:24.505] [162743] [HailoRT] [info] [queue_elements.cpp:68] [operator()] Thread in element PullQEl_hw_read0yolov8m_pose/conv77 is not running anymore, exiting..
[2025-08-14 19:59:24.505] [145234] [HailoRT] [info] [queue_elements.cpp:46] [~BaseQueueElement] Queue element PullQEl_hw_read0yolov8m_pose/conv77 has 0 frames in his Queue on destruction
[2025-08-14 19:59:24.505] [162744] [HailoRT] [info] [queue_elements.cpp:68] [operator()] Thread in element UserBuffQEl0yolov8m_pose/conv77 is not running anymore, exiting..
[2025-08-14 19:59:24.505] [145234] [HailoRT] [info] [queue_elements.cpp:46] [~BaseQueueElement] Queue element UserBuffQEl0yolov8m_pose/conv77 has 0 frames in his Queue on destruction
[2025-08-14 19:59:24.506] [162745] [HailoRT] [info] [queue_elements.cpp:734] [run_in_thread] Shutdown event was signaled in run_pull of queue element PullQEl_hw_read11yolov8m_pose/conv90!
[2025-08-14 19:59:24.506] [162746] [HailoRT] [info] [queue_elements.cpp:855] [run_in_thread] Shutdown event was signaled in dequeue of UserBuffQEl11yolov8m_pose/conv90!
[2025-08-14 19:59:24.506] [162745] [HailoRT] [info] [queue_elements.cpp:68] [operator()] Thread in element PullQEl_hw_read11yolov8m_pose/conv90 is not running anymore, exiting..
[2025-08-14 19:59:24.506] [145234] [HailoRT] [info] [queue_elements.cpp:46] [~BaseQueueElement] Queue element PullQEl_hw_read11yolov8m_pose/conv90 has 0 frames in his Queue on destruction
[2025-08-14 19:59:24.506] [162746] [HailoRT] [info] [queue_elements.cpp:68] [operator()] Thread in element UserBuffQEl11yolov8m_pose/conv90 is not running anymore, exiting..
[2025-08-14 19:59:24.506] [145234] [HailoRT] [info] [queue_elements.cpp:46] [~BaseQueueElement] Queue element UserBuffQEl11yolov8m_pose/conv90 has 0 frames in his Queue on destruction
[2025-08-14 19:59:24.506] [162748] [HailoRT] [info] [queue_elements.cpp:855] [run_in_thread] Shutdown event was signaled in dequeue of UserBuffQEl10yolov8m_pose/conv91!
[2025-08-14 19:59:24.506] [162747] [HailoRT] [info] [queue_elements.cpp:734] [run_in_thread] Shutdown event was signaled in run_pull of queue element PullQEl_hw_read10yolov8m_pose/conv91!
[2025-08-14 19:59:24.506] [162747] [HailoRT] [info] [queue_elements.cpp:68] [operator()] Thread in element PullQEl_hw_read10yolov8m_pose/conv91 is not running anymore, exiting..
[2025-08-14 19:59:24.506] [145234] [HailoRT] [info] [queue_elements.cpp:46] [~BaseQueueElement] Queue element PullQEl_hw_read10yolov8m_pose/conv91 has 0 frames in his Queue on destruction
[2025-08-14 19:59:24.506] [162748] [HailoRT] [info] [queue_elements.cpp:68] [operator()] Thread in element UserBuffQEl10yolov8m_pose/conv91 is not running anymore, exiting..
[2025-08-14 19:59:24.506] [145234] [HailoRT] [info] [queue_elements.cpp:46] [~BaseQueueElement] Queue element UserBuffQEl10yolov8m_pose/conv91 has 0 frames in his Queue on destruction
[2025-08-14 19:59:24.506] [162749] [HailoRT] [info] [queue_elements.cpp:734] [run_in_thread] Shutdown event was signaled in run_pull of queue element PullQEl_hw_read9yolov8m_pose/conv92!
[2025-08-14 19:59:24.506] [162750] [HailoRT] [info] [queue_elements.cpp:855] [run_in_thread] Shutdown event was signaled in dequeue of UserBuffQEl9yolov8m_pose/conv92!
[2025-08-14 19:59:24.506] [162749] [HailoRT] [info] [queue_elements.cpp:68] [operator()] Thread in element PullQEl_hw_read9yolov8m_pose/conv92 is not running anymore, exiting..
[2025-08-14 19:59:24.506] [145234] [HailoRT] [info] [queue_elements.cpp:46] [~BaseQueueElement] Queue element PullQEl_hw_read9yolov8m_pose/conv92 has 0 frames in his Queue on destruction
[2025-08-14 19:59:24.506] [162750] [HailoRT] [info] [queue_elements.cpp:68] [operator()] Thread in element UserBuffQEl9yolov8m_pose/conv92 is not running anymore, exiting..
[2025-08-14 19:59:24.506] [145234] [HailoRT] [info] [queue_elements.cpp:46] [~BaseQueueElement] Queue element UserBuffQEl9yolov8m_pose/conv92 has 0 frames in his Queue on destruction
[2025-08-14 19:59:24.635] [145234] [HailoRT] [info] [vdevice.cpp:535] [create] Creating vdevice with params: device_count: 1, scheduling_algorithm: NONE, multi_process_service: false
[2025-08-14 19:59:24.646] [145234] [HailoRT] [info] [device.cpp:51] [Device] OS Version: Linux 6.5.0-44-generic #44~22.04.1-Ubuntu SMP PREEMPT_DYNAMIC Tue Jun 18 14:36:16 UTC 2 x86_64
[2025-08-14 19:59:24.647] [145234] [HailoRT] [info] [control.cpp:113] [control__parse_identify_results] firmware_version is: 4.22.0
[2025-08-14 19:59:24.647] [145234] [HailoRT] [info] [vdevice.cpp:682] [create] VDevice Infos: 0000:03:00.0
[2025-08-14 19:59:24.655] [145234] [HailoRT] [info] [buffer_requirements.cpp:198] [find_initial_desc_page_size] Using non-default initial_desc_page_size of 64, due to a small transfer size (8)
[2025-08-14 19:59:24.655] [145234] [HailoRT] [info] [internal_buffer_manager.cpp:75] [print_execution_results] Default Internal buffer planner failed to meet requirements
[2025-08-14 19:59:24.655] [145234] [HailoRT] [info] [internal_buffer_manager.cpp:86] [print_execution_results] Default Internal buffer planner executed successfully
[2025-08-14 19:59:24.663] [145234] [HailoRT] [info] [device_internal.cpp:57] [configure] Configuring HEF took 13.178224 milliseconds
[2025-08-14 19:59:24.663] [145234] [HailoRT] [info] [vdevice.cpp:780] [configure] Configuring HEF on VDevice took 13.998328 milliseconds
[2025-08-14 19:59:24.664] [145234] [HailoRT] [info] [hef.cpp:1994] [get_network_group_and_network_name] No name was given. Addressing all networks of default network_group: mobilenet
[2025-08-14 19:59:24.664] [145234] [HailoRT] [info] [hef.cpp:1994] [get_network_group_and_network_name] No name was given. Addressing all networks of default network_group: mobilenet
[2025-08-14 19:59:24.669] [145234] [HailoRT] [info] [edge_elements.cpp:52] [create] Created (HwWriteEl1mobilenet/input_layer1 | hw_frame_size: 150528)
[2025-08-14 19:59:24.669] [145234] [HailoRT] [info] [vstream.cpp:754] [InputVStreamImpl] Creating mobilenet/input_layer1...
[2025-08-14 19:59:24.669] [145234] [HailoRT] [info] [vstream_builder.cpp:102] [create_inputs] Input pipeline 'mobilenet/input_layer1': (HwWriteEl1mobilenet/input_layer1 | hw_frame_size: 150528) >> HW
[2025-08-14 19:59:24.669] [145234] [HailoRT] [info] [edge_elements.cpp:287] [create] Created (HwReadEl0mobilenet/fc18 | hw_frame_size: 8)
[2025-08-14 19:59:24.669] [145234] [HailoRT] [info] [queue_elements.cpp:657] [create] Created (PullQEl_hw_read0mobilenet/fc18)
[2025-08-14 19:59:24.669] [145234] [HailoRT] [info] [filter_elements.cpp:372] [create] Created (PostInferEl0mobilenet/fc18 | Padding Periph shape - src_shape: (1, 1, 2), dst_shape: (1, 1, 2))
[2025-08-14 19:59:24.669] [145234] [HailoRT] [info] [queue_elements.cpp:800] [create] Created (UserBuffQEl0mobilenet/fc18 | timeout: 10s)
[2025-08-14 19:59:24.669] [145234] [HailoRT] [info] [vstream.cpp:1114] [OutputVStreamImpl] Creating mobilenet/fc18...
[2025-08-14 19:59:24.669] [145234] [HailoRT] [info] [vstream_builder.cpp:220] [create_outputs] Output pipeline 'mobilenet/fc18': HW >> (HwReadEl0mobilenet/fc18 | hw_frame_size: 8) >> (PullQEl_hw_read0mobilenet/fc18) >> (PostInferEl0mobilenet/fc18 | Padding Periph shape - src_shape: (1, 1, 2), dst_shape: (1, 1, 2)) >> (UserBuffQEl0mobilenet/fc18 | timeout: 10s)
[2025-08-14 19:59:24.670] [145234] [HailoRT] [info] [core_op.cpp:156] [activate] Activating mobilenet took 0.2508 milliseconds. Note that the function is asynchronous and thus the network is not fully activated yet.
[2025-08-14 19:59:24.670] [145234] [HailoRT] [info] [core_op.cpp:156] [activate] Activating mobilenet took 0.266499 milliseconds. Note that the function is asynchronous and thus the network is not fully activated yet.
[2025-08-14 19:59:24.682] [162765] [HailoRT] [info] [vdevice_native_stream.cpp:331] [read_impl] Failed read from stream HAILO_STREAM_NOT_ACTIVATED(72) (device: 0000:03:00.0)
[2025-08-14 19:59:24.682] [145234] [HailoRT] [info] [core_op.cpp:186] [deactivate] Deactivating took 0.422955 ms
[2025-08-14 19:59:24.682] [145234] [HailoRT] [info] [core_op.cpp:186] [deactivate] Deactivating took 0.43791 ms
[2025-08-14 19:59:24.682] [162765] [HailoRT] [info] [queue_elements.cpp:734] [run_in_thread] Shutdown event was signaled in run_pull of queue element PullQEl_hw_read0mobilenet/fc18!
[2025-08-14 19:59:24.682] [162766] [HailoRT] [info] [queue_elements.cpp:855] [run_in_thread] Shutdown event was signaled in dequeue of UserBuffQEl0mobilenet/fc18!
[2025-08-14 19:59:24.682] [162765] [HailoRT] [info] [queue_elements.cpp:68] [operator()] Thread in element PullQEl_hw_read0mobilenet/fc18 is not running anymore, exiting..
[2025-08-14 19:59:24.682] [145234] [HailoRT] [info] [queue_elements.cpp:46] [~BaseQueueElement] Queue element PullQEl_hw_read0mobilenet/fc18 has 0 frames in his Queue on destruction
[2025-08-14 19:59:24.682] [162766] [HailoRT] [info] [queue_elements.cpp:68] [operator()] Thread in element UserBuffQEl0mobilenet/fc18 is not running anymore, exiting..
[2025-08-14 19:59:24.682] [145234] [HailoRT] [info] [queue_elements.cpp:46] [~BaseQueueElement] Queue element UserBuffQEl0mobilenet/fc18 has 0 frames in his Queue on destruction
[2025-08-14 19:59:24.795] [145234] [HailoRT] [info] [vdevice.cpp:535] [create] Creating vdevice with params: device_count: 1, scheduling_algorithm: NONE, multi_process_service: false
[2025-08-14 19:59:24.806] [145234] [HailoRT] [info] [device.cpp:51] [Device] OS Version: Linux 6.5.0-44-generic #44~22.04.1-Ubuntu SMP PREEMPT_DYNAMIC Tue Jun 18 14:36:16 UTC 2 x86_64
[2025-08-14 19:59:24.807] [145234] [HailoRT] [info] [control.cpp:113] [control__parse_identify_results] firmware_version is: 4.22.0
[2025-08-14 19:59:24.807] [145234] [HailoRT] [info] [vdevice.cpp:682] [create] VDevice Infos: 0000:03:00.0
[2025-08-14 19:59:24.829] [145234] [HailoRT] [info] [internal_buffer_manager.cpp:77] [print_execution_results] Planned internal buffer memory: CMA=0 CMA-Desc=262144 Pinned=2997248. memory to edge layer usage factor is 1
[2025-08-14 19:59:24.829] [145234] [HailoRT] [info] [internal_buffer_manager.cpp:86] [print_execution_results] Default Internal buffer planner executed successfully
[2025-08-14 19:59:24.903] [145234] [HailoRT] [info] [device_internal.cpp:57] [configure] Configuring HEF took 80.37607 milliseconds
[2025-08-14 19:59:24.904] [145234] [HailoRT] [info] [vdevice.cpp:780] [configure] Configuring HEF on VDevice took 80.924576 milliseconds
[2025-08-14 19:59:24.905] [145234] [HailoRT] [info] [edge_elements.cpp:52] [create] Created (HwWriteEl3yolov8m_pose/input_layer1 | hw_frame_size: 1228800)
[2025-08-14 19:59:24.905] [145234] [HailoRT] [info] [vstream.cpp:754] [InputVStreamImpl] Creating yolov8m_pose/input_layer1...
[2025-08-14 19:59:24.905] [145234] [HailoRT] [info] [vstream_builder.cpp:102] [create_inputs] Input pipeline 'yolov8m_pose/input_layer1': (HwWriteEl3yolov8m_pose/input_layer1 | hw_frame_size: 1228800) >> HW
[2025-08-14 19:59:24.905] [145234] [HailoRT] [info] [edge_elements.cpp:287] [create] Created (HwReadEl1yolov8m_pose/conv59 | hw_frame_size: 409600)
[2025-08-14 19:59:24.905] [145234] [HailoRT] [warning] [transform.cpp:57] [should_quantize_by_type] The model compiled for type UINT8, while the dst type is UINT16. libhailort will type-cast every value which might reduce performance. Consider recompiling the model.
[2025-08-14 19:59:24.906] [145234] [HailoRT] [info] [queue_elements.cpp:657] [create] Created (PullQEl_hw_read1yolov8m_pose/conv59)
[2025-08-14 19:59:24.906] [145234] [HailoRT] [warning] [transform.cpp:57] [should_quantize_by_type] The model compiled for type UINT8, while the dst type is UINT16. libhailort will type-cast every value which might reduce performance. Consider recompiling the model.
[2025-08-14 19:59:24.906] [145234] [HailoRT] [info] [filter_elements.cpp:372] [create] Created (PostInferEl1yolov8m_pose/conv59 | Quantization - src_type: UINT8, dst_type UINT16, limvals_min: -5.99085, limvals_max: 14.9361)
[2025-08-14 19:59:24.906] [145234] [HailoRT] [info] [queue_elements.cpp:800] [create] Created (UserBuffQEl1yolov8m_pose/conv59 | timeout: 10s)
[2025-08-14 19:59:24.906] [145234] [HailoRT] [info] [vstream.cpp:1114] [OutputVStreamImpl] Creating yolov8m_pose/conv59...
[2025-08-14 19:59:24.906] [145234] [HailoRT] [info] [vstream_builder.cpp:220] [create_outputs] Output pipeline 'yolov8m_pose/conv59': HW >> (HwReadEl1yolov8m_pose/conv59 | hw_frame_size: 409600) >> (PullQEl_hw_read1yolov8m_pose/conv59) >> (PostInferEl1yolov8m_pose/conv59 | Quantization - src_type: UINT8, dst_type UINT16, limvals_min: -5.99085, limvals_max: 14.9361) >> (UserBuffQEl1yolov8m_pose/conv59 | timeout: 10s)
[2025-08-14 19:59:24.906] [145234] [HailoRT] [info] [edge_elements.cpp:287] [create] Created (HwReadEl3yolov8m_pose/conv60 | hw_frame_size: 6400)
[2025-08-14 19:59:24.906] [145234] [HailoRT] [warning] [transform.cpp:57] [should_quantize_by_type] The model compiled for type UINT8, while the dst type is UINT16. libhailort will type-cast every value which might reduce performance. Consider recompiling the model.
[2025-08-14 19:59:24.906] [145234] [HailoRT] [info] [queue_elements.cpp:657] [create] Created (PullQEl_hw_read3yolov8m_pose/conv60)
[2025-08-14 19:59:24.906] [145234] [HailoRT] [warning] [transform.cpp:57] [should_quantize_by_type] The model compiled for type UINT8, while the dst type is UINT16. libhailort will type-cast every value which might reduce performance. Consider recompiling the model.
[2025-08-14 19:59:24.906] [145234] [HailoRT] [info] [filter_elements.cpp:372] [create] Created (PostInferEl3yolov8m_pose/conv60 | Quantization - src_type: UINT8, dst_type UINT16, limvals_min: 0, limvals_max: 1)
[2025-08-14 19:59:24.906] [145234] [HailoRT] [info] [queue_elements.cpp:800] [create] Created (UserBuffQEl3yolov8m_pose/conv60 | timeout: 10s)
[2025-08-14 19:59:24.906] [145234] [HailoRT] [info] [vstream.cpp:1114] [OutputVStreamImpl] Creating yolov8m_pose/conv60...
[2025-08-14 19:59:24.906] [145234] [HailoRT] [info] [vstream_builder.cpp:220] [create_outputs] Output pipeline 'yolov8m_pose/conv60': HW >> (HwReadEl3yolov8m_pose/conv60 | hw_frame_size: 6400) >> (PullQEl_hw_read3yolov8m_pose/conv60) >> (PostInferEl3yolov8m_pose/conv60 | Quantization - src_type: UINT8, dst_type UINT16, limvals_min: 0, limvals_max: 1) >> (UserBuffQEl3yolov8m_pose/conv60 | timeout: 10s)
[2025-08-14 19:59:24.906] [145234] [HailoRT] [info] [edge_elements.cpp:287] [create] Created (HwReadEl2yolov8m_pose/conv61 | hw_frame_size: 716800)
[2025-08-14 19:59:24.906] [145234] [HailoRT] [info] [queue_elements.cpp:657] [create] Created (PullQEl_hw_read2yolov8m_pose/conv61)
[2025-08-14 19:59:24.906] [145234] [HailoRT] [info] [filter_elements.cpp:372] [create] Created (PostInferEl2yolov8m_pose/conv61 | Reorder - src_order: FCR, src_shape: (80, 80, 56), dst_order: FCR, dst_shape: (80, 80, 51))
[2025-08-14 19:59:24.906] [145234] [HailoRT] [info] [queue_elements.cpp:800] [create] Created (UserBuffQEl2yolov8m_pose/conv61 | timeout: 10s)
[2025-08-14 19:59:24.906] [145234] [HailoRT] [info] [vstream.cpp:1114] [OutputVStreamImpl] Creating yolov8m_pose/conv61...
[2025-08-14 19:59:24.906] [145234] [HailoRT] [info] [vstream_builder.cpp:220] [create_outputs] Output pipeline 'yolov8m_pose/conv61': HW >> (HwReadEl2yolov8m_pose/conv61 | hw_frame_size: 716800) >> (PullQEl_hw_read2yolov8m_pose/conv61) >> (PostInferEl2yolov8m_pose/conv61 | Reorder - src_order: FCR, src_shape: (80, 80, 56), dst_order: FCR, dst_shape: (80, 80, 51)) >> (UserBuffQEl2yolov8m_pose/conv61 | timeout: 10s)
[2025-08-14 19:59:24.906] [145234] [HailoRT] [info] [edge_elements.cpp:287] [create] Created (HwReadEl8yolov8m_pose/conv75 | hw_frame_size: 102400)
[2025-08-14 19:59:24.906] [145234] [HailoRT] [warning] [transform.cpp:57] [should_quantize_by_type] The model compiled for type UINT8, while the dst type is UINT16. libhailort will type-cast every value which might reduce performance. Consider recompiling the model.
[2025-08-14 19:59:24.907] [145234] [HailoRT] [info] [queue_elements.cpp:657] [create] Created (PullQEl_hw_read8yolov8m_pose/conv75)
[2025-08-14 19:59:24.907] [145234] [HailoRT] [warning] [transform.cpp:57] [should_quantize_by_type] The model compiled for type UINT8, while the dst type is UINT16. libhailort will type-cast every value which might reduce performance. Consider recompiling the model.
[2025-08-14 19:59:24.907] [145234] [HailoRT] [info] [filter_elements.cpp:372] [create] Created (PostInferEl8yolov8m_pose/conv75 | Quantization - src_type: UINT8, dst_type UINT16, limvals_min: -7.00621, limvals_max: 13.5292)
[2025-08-14 19:59:24.907] [145234] [HailoRT] [info] [queue_elements.cpp:800] [create] Created (UserBuffQEl8yolov8m_pose/conv75 | timeout: 10s)
[2025-08-14 19:59:24.907] [145234] [HailoRT] [info] [vstream.cpp:1114] [OutputVStreamImpl] Creating yolov8m_pose/conv75...
[2025-08-14 19:59:24.907] [145234] [HailoRT] [info] [vstream_builder.cpp:220] [create_outputs] Output pipeline 'yolov8m_pose/conv75': HW >> (HwReadEl8yolov8m_pose/conv75 | hw_frame_size: 102400) >> (PullQEl_hw_read8yolov8m_pose/conv75) >> (PostInferEl8yolov8m_pose/conv75 | Quantization - src_type: UINT8, dst_type UINT16, limvals_min: -7.00621, limvals_max: 13.5292) >> (UserBuffQEl8yolov8m_pose/conv75 | timeout: 10s)
[2025-08-14 19:59:24.907] [145234] [HailoRT] [info] [edge_elements.cpp:287] [create] Created (HwReadEl5yolov8m_pose/conv76 | hw_frame_size: 1600)
[2025-08-14 19:59:24.907] [145234] [HailoRT] [warning] [transform.cpp:57] [should_quantize_by_type] The model compiled for type UINT8, while the dst type is UINT16. libhailort will type-cast every value which might reduce performance. Consider recompiling the model.
[2025-08-14 19:59:24.907] [145234] [HailoRT] [info] [queue_elements.cpp:657] [create] Created (PullQEl_hw_read5yolov8m_pose/conv76)
[2025-08-14 19:59:24.907] [145234] [HailoRT] [warning] [transform.cpp:57] [should_quantize_by_type] The model compiled for type UINT8, while the dst type is UINT16. libhailort will type-cast every value which might reduce performance. Consider recompiling the model.
[2025-08-14 19:59:24.907] [145234] [HailoRT] [info] [filter_elements.cpp:372] [create] Created (PostInferEl5yolov8m_pose/conv76 | Quantization - src_type: UINT8, dst_type UINT16, limvals_min: 0, limvals_max: 1)
[2025-08-14 19:59:24.907] [145234] [HailoRT] [info] [queue_elements.cpp:800] [create] Created (UserBuffQEl5yolov8m_pose/conv76 | timeout: 10s)
[2025-08-14 19:59:24.907] [145234] [HailoRT] [info] [vstream.cpp:1114] [OutputVStreamImpl] Creating yolov8m_pose/conv76...
[2025-08-14 19:59:24.907] [145234] [HailoRT] [info] [vstream_builder.cpp:220] [create_outputs] Output pipeline 'yolov8m_pose/conv76': HW >> (HwReadEl5yolov8m_pose/conv76 | hw_frame_size: 1600) >> (PullQEl_hw_read5yolov8m_pose/conv76) >> (PostInferEl5yolov8m_pose/conv76 | Quantization - src_type: UINT8, dst_type UINT16, limvals_min: 0, limvals_max: 1) >> (UserBuffQEl5yolov8m_pose/conv76 | timeout: 10s)
[2025-08-14 19:59:24.907] [145234] [HailoRT] [info] [edge_elements.cpp:287] [create] Created (HwReadEl0yolov8m_pose/conv77 | hw_frame_size: 179200)
[2025-08-14 19:59:24.907] [145234] [HailoRT] [info] [queue_elements.cpp:657] [create] Created (PullQEl_hw_read0yolov8m_pose/conv77)
[2025-08-14 19:59:24.907] [145234] [HailoRT] [info] [filter_elements.cpp:372] [create] Created (PostInferEl0yolov8m_pose/conv77 | Reorder - src_order: FCR, src_shape: (40, 40, 56), dst_order: FCR, dst_shape: (40, 40, 51))
[2025-08-14 19:59:24.907] [145234] [HailoRT] [info] [queue_elements.cpp:800] [create] Created (UserBuffQEl0yolov8m_pose/conv77 | timeout: 10s)
[2025-08-14 19:59:24.907] [145234] [HailoRT] [info] [vstream.cpp:1114] [OutputVStreamImpl] Creating yolov8m_pose/conv77...
[2025-08-14 19:59:24.907] [145234] [HailoRT] [info] [vstream_builder.cpp:220] [create_outputs] Output pipeline 'yolov8m_pose/conv77': HW >> (HwReadEl0yolov8m_pose/conv77 | hw_frame_size: 179200) >> (PullQEl_hw_read0yolov8m_pose/conv77) >> (PostInferEl0yolov8m_pose/conv77 | Reorder - src_order: FCR, src_shape: (40, 40, 56), dst_order: FCR, dst_shape: (40, 40, 51)) >> (UserBuffQEl0yolov8m_pose/conv77 | timeout: 10s)
[2025-08-14 19:59:24.907] [145234] [HailoRT] [info] [edge_elements.cpp:287] [create] Created (HwReadEl11yolov8m_pose/conv90 | hw_frame_size: 25600)
[2025-08-14 19:59:24.907] [145234] [HailoRT] [warning] [transform.cpp:57] [should_quantize_by_type] The model compiled for type UINT8, while the dst type is UINT16. libhailort will type-cast every value which might reduce performance. Consider recompiling the model.
[2025-08-14 19:59:24.907] [145234] [HailoRT] [info] [queue_elements.cpp:657] [create] Created (PullQEl_hw_read11yolov8m_pose/conv90)
[2025-08-14 19:59:24.907] [145234] [HailoRT] [warning] [transform.cpp:57] [should_quantize_by_type] The model compiled for type UINT8, while the dst type is UINT16. libhailort will type-cast every value which might reduce performance. Consider recompiling the model.
[2025-08-14 19:59:24.907] [145234] [HailoRT] [info] [filter_elements.cpp:372] [create] Created (PostInferEl11yolov8m_pose/conv90 | Quantization - src_type: UINT8, dst_type UINT16, limvals_min: -5.78642, limvals_max: 12.4301)
[2025-08-14 19:59:24.908] [145234] [HailoRT] [info] [queue_elements.cpp:800] [create] Created (UserBuffQEl11yolov8m_pose/conv90 | timeout: 10s)
[2025-08-14 19:59:24.908] [145234] [HailoRT] [info] [vstream.cpp:1114] [OutputVStreamImpl] Creating yolov8m_pose/conv90...
[2025-08-14 19:59:24.908] [145234] [HailoRT] [info] [vstream_builder.cpp:220] [create_outputs] Output pipeline 'yolov8m_pose/conv90': HW >> (HwReadEl11yolov8m_pose/conv90 | hw_frame_size: 25600) >> (PullQEl_hw_read11yolov8m_pose/conv90) >> (PostInferEl11yolov8m_pose/conv90 | Quantization - src_type: UINT8, dst_type UINT16, limvals_min: -5.78642, limvals_max: 12.4301) >> (UserBuffQEl11yolov8m_pose/conv90 | timeout: 10s)
[2025-08-14 19:59:24.908] [145234] [HailoRT] [info] [edge_elements.cpp:287] [create] Created (HwReadEl10yolov8m_pose/conv91 | hw_frame_size: 400)
[2025-08-14 19:59:24.908] [145234] [HailoRT] [warning] [transform.cpp:57] [should_quantize_by_type] The model compiled for type UINT8, while the dst type is UINT16. libhailort will type-cast every value which might reduce performance. Consider recompiling the model.
[2025-08-14 19:59:24.908] [145234] [HailoRT] [info] [queue_elements.cpp:657] [create] Created (PullQEl_hw_read10yolov8m_pose/conv91)
[2025-08-14 19:59:24.908] [145234] [HailoRT] [warning] [transform.cpp:57] [should_quantize_by_type] The model compiled for type UINT8, while the dst type is UINT16. libhailort will type-cast every value which might reduce performance. Consider recompiling the model.
[2025-08-14 19:59:24.908] [145234] [HailoRT] [info] [filter_elements.cpp:372] [create] Created (PostInferEl10yolov8m_pose/conv91 | Quantization - src_type: UINT8, dst_type UINT16, limvals_min: 0, limvals_max: 1)
[2025-08-14 19:59:24.908] [145234] [HailoRT] [info] [queue_elements.cpp:800] [create] Created (UserBuffQEl10yolov8m_pose/conv91 | timeout: 10s)
[2025-08-14 19:59:24.908] [145234] [HailoRT] [info] [vstream.cpp:1114] [OutputVStreamImpl] Creating yolov8m_pose/conv91...
[2025-08-14 19:59:24.908] [145234] [HailoRT] [info] [vstream_builder.cpp:220] [create_outputs] Output pipeline 'yolov8m_pose/conv91': HW >> (HwReadEl10yolov8m_pose/conv91 | hw_frame_size: 400) >> (PullQEl_hw_read10yolov8m_pose/conv91) >> (PostInferEl10yolov8m_pose/conv91 | Quantization - src_type: UINT8, dst_type UINT16, limvals_min: 0, limvals_max: 1) >> (UserBuffQEl10yolov8m_pose/conv91 | timeout: 10s)
[2025-08-14 19:59:24.908] [145234] [HailoRT] [info] [edge_elements.cpp:287] [create] Created (HwReadEl9yolov8m_pose/conv92 | hw_frame_size: 44800)
[2025-08-14 19:59:24.908] [145234] [HailoRT] [info] [queue_elements.cpp:657] [create] Created (PullQEl_hw_read9yolov8m_pose/conv92)
[2025-08-14 19:59:24.908] [145234] [HailoRT] [info] [filter_elements.cpp:372] [create] Created (PostInferEl9yolov8m_pose/conv92 | Reorder - src_order: FCR, src_shape: (20, 20, 56), dst_order: FCR, dst_shape: (20, 20, 51))
[2025-08-14 19:59:24.908] [145234] [HailoRT] [info] [queue_elements.cpp:800] [create] Created (UserBuffQEl9yolov8m_pose/conv92 | timeout: 10s)
[2025-08-14 19:59:24.908] [145234] [HailoRT] [info] [vstream.cpp:1114] [OutputVStreamImpl] Creating yolov8m_pose/conv92...
[2025-08-14 19:59:24.908] [145234] [HailoRT] [info] [vstream_builder.cpp:220] [create_outputs] Output pipeline 'yolov8m_pose/conv92': HW >> (HwReadEl9yolov8m_pose/conv92 | hw_frame_size: 44800) >> (PullQEl_hw_read9yolov8m_pose/conv92) >> (PostInferEl9yolov8m_pose/conv92 | Reorder - src_order: FCR, src_shape: (20, 20, 56), dst_order: FCR, dst_shape: (20, 20, 51)) >> (UserBuffQEl9yolov8m_pose/conv92 | timeout: 10s)
[2025-08-14 19:59:24.910] [145234] [HailoRT] [info] [core_op.cpp:156] [activate] Activating yolov8m_pose took 1.006698 milliseconds. Note that the function is asynchronous and thus the network is not fully activated yet.
[2025-08-14 19:59:24.910] [145234] [HailoRT] [info] [core_op.cpp:156] [activate] Activating yolov8m_pose took 1.054435 milliseconds. Note that the function is asynchronous and thus the network is not fully activated yet.
[2025-08-14 19:59:24.910] [145234] [HailoRT] [info] [hef.cpp:1994] [get_network_group_and_network_name] No name was given. Addressing all networks of default network_group: yolov8m_pose
[2025-08-14 19:59:24.928] [145234] [HailoRT] [info] [hef.cpp:1994] [get_network_group_and_network_name] No name was given. Addressing all networks of default network_group: yolov8m_pose
[2025-08-14 19:59:24.928] [145234] [HailoRT] [info] [hef.cpp:1994] [get_network_group_and_network_name] No name was given. Addressing all networks of default network_group: yolov8m_pose
[2025-08-14 19:59:24.928] [162777] [HailoRT] [info] [vdevice_native_stream.cpp:331] [read_impl] Failed read from stream HAILO_STREAM_NOT_ACTIVATED(72) (device: 0000:03:00.0)
[2025-08-14 19:59:24.928] [162779] [HailoRT] [info] [vdevice_native_stream.cpp:331] [read_impl] Failed read from stream HAILO_STREAM_NOT_ACTIVATED(72) (device: 0000:03:00.0)
[2025-08-14 19:59:24.928] [162781] [HailoRT] [info] [vdevice_native_stream.cpp:331] [read_impl] Failed read from stream HAILO_STREAM_NOT_ACTIVATED(72) (device: 0000:03:00.0)
[2025-08-14 19:59:24.928] [162773] [HailoRT] [info] [vdevice_native_stream.cpp:331] [read_impl] Failed read from stream HAILO_STREAM_NOT_ACTIVATED(72) (device: 0000:03:00.0)
[2025-08-14 19:59:24.928] [162785] [HailoRT] [info] [vdevice_native_stream.cpp:331] [read_impl] Failed read from stream HAILO_STREAM_NOT_ACTIVATED(72) (device: 0000:03:00.0)
[2025-08-14 19:59:24.928] [162775] [HailoRT] [info] [vdevice_native_stream.cpp:331] [read_impl] Failed read from stream HAILO_STREAM_NOT_ACTIVATED(72) (device: 0000:03:00.0)
[2025-08-14 19:59:24.928] [162789] [HailoRT] [info] [vdevice_native_stream.cpp:331] [read_impl] Failed read from stream HAILO_STREAM_NOT_ACTIVATED(72) (device: 0000:03:00.0)
[2025-08-14 19:59:24.928] [162783] [HailoRT] [info] [vdevice_native_stream.cpp:331] [read_impl] Failed read from stream HAILO_STREAM_NOT_ACTIVATED(72) (device: 0000:03:00.0)
[2025-08-14 19:59:24.928] [162787] [HailoRT] [info] [vdevice_native_stream.cpp:331] [read_impl] Failed read from stream HAILO_STREAM_NOT_ACTIVATED(72) (device: 0000:03:00.0)
[2025-08-14 19:59:24.929] [145234] [HailoRT] [info] [core_op.cpp:186] [deactivate] Deactivating took 0.684179 ms
[2025-08-14 19:59:24.929] [145234] [HailoRT] [info] [core_op.cpp:186] [deactivate] Deactivating took 0.708213 ms
[2025-08-14 19:59:24.929] [162774] [HailoRT] [info] [queue_elements.cpp:855] [run_in_thread] Shutdown event was signaled in dequeue of UserBuffQEl1yolov8m_pose/conv59!
[2025-08-14 19:59:24.929] [162773] [HailoRT] [info] [queue_elements.cpp:734] [run_in_thread] Shutdown event was signaled in run_pull of queue element PullQEl_hw_read1yolov8m_pose/conv59!
[2025-08-14 19:59:24.929] [162773] [HailoRT] [info] [queue_elements.cpp:68] [operator()] Thread in element PullQEl_hw_read1yolov8m_pose/conv59 is not running anymore, exiting..
[2025-08-14 19:59:24.929] [145234] [HailoRT] [info] [queue_elements.cpp:46] [~BaseQueueElement] Queue element PullQEl_hw_read1yolov8m_pose/conv59 has 0 frames in his Queue on destruction
[2025-08-14 19:59:24.929] [162774] [HailoRT] [info] [queue_elements.cpp:68] [operator()] Thread in element UserBuffQEl1yolov8m_pose/conv59 is not running anymore, exiting..
[2025-08-14 19:59:24.929] [145234] [HailoRT] [info] [queue_elements.cpp:46] [~BaseQueueElement] Queue element UserBuffQEl1yolov8m_pose/conv59 has 0 frames in his Queue on destruction
[2025-08-14 19:59:24.929] [162775] [HailoRT] [info] [queue_elements.cpp:734] [run_in_thread] Shutdown event was signaled in run_pull of queue element PullQEl_hw_read3yolov8m_pose/conv60!
[2025-08-14 19:59:24.929] [162776] [HailoRT] [info] [queue_elements.cpp:855] [run_in_thread] Shutdown event was signaled in dequeue of UserBuffQEl3yolov8m_pose/conv60!
[2025-08-14 19:59:24.929] [162775] [HailoRT] [info] [queue_elements.cpp:68] [operator()] Thread in element PullQEl_hw_read3yolov8m_pose/conv60 is not running anymore, exiting..
[2025-08-14 19:59:24.929] [145234] [HailoRT] [info] [queue_elements.cpp:46] [~BaseQueueElement] Queue element PullQEl_hw_read3yolov8m_pose/conv60 has 0 frames in his Queue on destruction
[2025-08-14 19:59:24.929] [162776] [HailoRT] [info] [queue_elements.cpp:68] [operator()] Thread in element UserBuffQEl3yolov8m_pose/conv60 is not running anymore, exiting..
[2025-08-14 19:59:24.929] [145234] [HailoRT] [info] [queue_elements.cpp:46] [~BaseQueueElement] Queue element UserBuffQEl3yolov8m_pose/conv60 has 0 frames in his Queue on destruction
[2025-08-14 19:59:24.929] [162777] [HailoRT] [info] [queue_elements.cpp:734] [run_in_thread] Shutdown event was signaled in run_pull of queue element PullQEl_hw_read2yolov8m_pose/conv61!
[2025-08-14 19:59:24.929] [162778] [HailoRT] [info] [queue_elements.cpp:855] [run_in_thread] Shutdown event was signaled in dequeue of UserBuffQEl2yolov8m_pose/conv61!
[2025-08-14 19:59:24.929] [162777] [HailoRT] [info] [queue_elements.cpp:68] [operator()] Thread in element PullQEl_hw_read2yolov8m_pose/conv61 is not running anymore, exiting..
[2025-08-14 19:59:24.929] [145234] [HailoRT] [info] [queue_elements.cpp:46] [~BaseQueueElement] Queue element PullQEl_hw_read2yolov8m_pose/conv61 has 0 frames in his Queue on destruction
[2025-08-14 19:59:24.929] [162778] [HailoRT] [info] [queue_elements.cpp:68] [operator()] Thread in element UserBuffQEl2yolov8m_pose/conv61 is not running anymore, exiting..
[2025-08-14 19:59:24.929] [145234] [HailoRT] [info] [queue_elements.cpp:46] [~BaseQueueElement] Queue element UserBuffQEl2yolov8m_pose/conv61 has 0 frames in his Queue on destruction
[2025-08-14 19:59:24.929] [162780] [HailoRT] [info] [queue_elements.cpp:855] [run_in_thread] Shutdown event was signaled in dequeue of UserBuffQEl8yolov8m_pose/conv75!
[2025-08-14 19:59:24.929] [162779] [HailoRT] [info] [queue_elements.cpp:734] [run_in_thread] Shutdown event was signaled in run_pull of queue element PullQEl_hw_read8yolov8m_pose/conv75!
[2025-08-14 19:59:24.929] [162779] [HailoRT] [info] [queue_elements.cpp:68] [operator()] Thread in element PullQEl_hw_read8yolov8m_pose/conv75 is not running anymore, exiting..
[2025-08-14 19:59:24.929] [145234] [HailoRT] [info] [queue_elements.cpp:46] [~BaseQueueElement] Queue element PullQEl_hw_read8yolov8m_pose/conv75 has 0 frames in his Queue on destruction
[2025-08-14 19:59:24.929] [162780] [HailoRT] [info] [queue_elements.cpp:68] [operator()] Thread in element UserBuffQEl8yolov8m_pose/conv75 is not running anymore, exiting..
[2025-08-14 19:59:24.929] [145234] [HailoRT] [info] [queue_elements.cpp:46] [~BaseQueueElement] Queue element UserBuffQEl8yolov8m_pose/conv75 has 0 frames in his Queue on destruction
[2025-08-14 19:59:24.929] [162782] [HailoRT] [info] [queue_elements.cpp:855] [run_in_thread] Shutdown event was signaled in dequeue of UserBuffQEl5yolov8m_pose/conv76!
[2025-08-14 19:59:24.929] [162781] [HailoRT] [info] [queue_elements.cpp:734] [run_in_thread] Shutdown event was signaled in run_pull of queue element PullQEl_hw_read5yolov8m_pose/conv76!
[2025-08-14 19:59:24.929] [162781] [HailoRT] [info] [queue_elements.cpp:68] [operator()] Thread in element PullQEl_hw_read5yolov8m_pose/conv76 is not running anymore, exiting..
[2025-08-14 19:59:24.930] [145234] [HailoRT] [info] [queue_elements.cpp:46] [~BaseQueueElement] Queue element PullQEl_hw_read5yolov8m_pose/conv76 has 0 frames in his Queue on destruction
[2025-08-14 19:59:24.930] [162782] [HailoRT] [info] [queue_elements.cpp:68] [operator()] Thread in element UserBuffQEl5yolov8m_pose/conv76 is not running anymore, exiting..
[2025-08-14 19:59:24.930] [145234] [HailoRT] [info] [queue_elements.cpp:46] [~BaseQueueElement] Queue element UserBuffQEl5yolov8m_pose/conv76 has 0 frames in his Queue on destruction
[2025-08-14 19:59:24.930] [162783] [HailoRT] [info] [queue_elements.cpp:734] [run_in_thread] Shutdown event was signaled in run_pull of queue element PullQEl_hw_read0yolov8m_pose/conv77!
[2025-08-14 19:59:24.930] [162784] [HailoRT] [info] [queue_elements.cpp:855] [run_in_thread] Shutdown event was signaled in dequeue of UserBuffQEl0yolov8m_pose/conv77!
[2025-08-14 19:59:24.930] [162783] [HailoRT] [info] [queue_elements.cpp:68] [operator()] Thread in element PullQEl_hw_read0yolov8m_pose/conv77 is not running anymore, exiting..
[2025-08-14 19:59:24.930] [145234] [HailoRT] [info] [queue_elements.cpp:46] [~BaseQueueElement] Queue element PullQEl_hw_read0yolov8m_pose/conv77 has 0 frames in his Queue on destruction
[2025-08-14 19:59:24.930] [162784] [HailoRT] [info] [queue_elements.cpp:68] [operator()] Thread in element UserBuffQEl0yolov8m_pose/conv77 is not running anymore, exiting..
[2025-08-14 19:59:24.930] [145234] [HailoRT] [info] [queue_elements.cpp:46] [~BaseQueueElement] Queue element UserBuffQEl0yolov8m_pose/conv77 has 0 frames in his Queue on destruction
[2025-08-14 19:59:24.930] [162785] [HailoRT] [info] [queue_elements.cpp:734] [run_in_thread] Shutdown event was signaled in run_pull of queue element PullQEl_hw_read11yolov8m_pose/conv90!
[2025-08-14 19:59:24.930] [162786] [HailoRT] [info] [queue_elements.cpp:855] [run_in_thread] Shutdown event was signaled in dequeue of UserBuffQEl11yolov8m_pose/conv90!
[2025-08-14 19:59:24.930] [162785] [HailoRT] [info] [queue_elements.cpp:68] [operator()] Thread in element PullQEl_hw_read11yolov8m_pose/conv90 is not running anymore, exiting..
[2025-08-14 19:59:24.930] [145234] [HailoRT] [info] [queue_elements.cpp:46] [~BaseQueueElement] Queue element PullQEl_hw_read11yolov8m_pose/conv90 has 0 frames in his Queue on destruction
[2025-08-14 19:59:24.930] [162786] [HailoRT] [info] [queue_elements.cpp:68] [operator()] Thread in element UserBuffQEl11yolov8m_pose/conv90 is not running anymore, exiting..
[2025-08-14 19:59:24.930] [145234] [HailoRT] [info] [queue_elements.cpp:46] [~BaseQueueElement] Queue element UserBuffQEl11yolov8m_pose/conv90 has 0 frames in his Queue on destruction
[2025-08-14 19:59:24.930] [162787] [HailoRT] [info] [queue_elements.cpp:734] [run_in_thread] Shutdown event was signaled in run_pull of queue element PullQEl_hw_read10yolov8m_pose/conv91!
[2025-08-14 19:59:24.930] [162788] [HailoRT] [info] [queue_elements.cpp:855] [run_in_thread] Shutdown event was signaled in dequeue of UserBuffQEl10yolov8m_pose/conv91!
[2025-08-14 19:59:24.930] [162787] [HailoRT] [info] [queue_elements.cpp:68] [operator()] Thread in element PullQEl_hw_read10yolov8m_pose/conv91 is not running anymore, exiting..
[2025-08-14 19:59:24.930] [145234] [HailoRT] [info] [queue_elements.cpp:46] [~BaseQueueElement] Queue element PullQEl_hw_read10yolov8m_pose/conv91 has 0 frames in his Queue on destruction
[2025-08-14 19:59:24.930] [162788] [HailoRT] [info] [queue_elements.cpp:68] [operator()] Thread in element UserBuffQEl10yolov8m_pose/conv91 is not running anymore, exiting..
[2025-08-14 19:59:24.930] [145234] [HailoRT] [info] [queue_elements.cpp:46] [~BaseQueueElement] Queue element UserBuffQEl10yolov8m_pose/conv91 has 0 frames in his Queue on destruction
[2025-08-14 19:59:24.930] [162789] [HailoRT] [info] [queue_elements.cpp:734] [run_in_thread] Shutdown event was signaled in run_pull of queue element PullQEl_hw_read9yolov8m_pose/conv92!
[2025-08-14 19:59:24.930] [162790] [HailoRT] [info] [queue_elements.cpp:855] [run_in_thread] Shutdown event was signaled in dequeue of UserBuffQEl9yolov8m_pose/conv92!
[2025-08-14 19:59:24.930] [162789] [HailoRT] [info] [queue_elements.cpp:68] [operator()] Thread in element PullQEl_hw_read9yolov8m_pose/conv92 is not running anymore, exiting..
[2025-08-14 19:59:24.930] [145234] [HailoRT] [info] [queue_elements.cpp:46] [~BaseQueueElement] Queue element PullQEl_hw_read9yolov8m_pose/conv92 has 0 frames in his Queue on destruction
[2025-08-14 19:59:24.930] [162790] [HailoRT] [info] [queue_elements.cpp:68] [operator()] Thread in element UserBuffQEl9yolov8m_pose/conv92 is not running anymore, exiting..
[2025-08-14 19:59:24.930] [145234] [HailoRT] [info] [queue_elements.cpp:46] [~BaseQueueElement] Queue element UserBuffQEl9yolov8m_pose/conv92 has 0 frames in his Queue on destruction
[2025-08-14 19:59:25.054] [145234] [HailoRT] [info] [vdevice.cpp:535] [create] Creating vdevice with params: device_count: 1, scheduling_algorithm: NONE, multi_process_service: false
[2025-08-14 19:59:25.066] [145234] [HailoRT] [info] [device.cpp:51] [Device] OS Version: Linux 6.5.0-44-generic #44~22.04.1-Ubuntu SMP PREEMPT_DYNAMIC Tue Jun 18 14:36:16 UTC 2 x86_64
[2025-08-14 19:59:25.067] [145234] [HailoRT] [info] [control.cpp:113] [control__parse_identify_results] firmware_version is: 4.22.0
[2025-08-14 19:59:25.067] [145234] [HailoRT] [info] [vdevice.cpp:682] [create] VDevice Infos: 0000:03:00.0
[2025-08-14 19:59:25.078] [145234] [HailoRT] [info] [buffer_requirements.cpp:198] [find_initial_desc_page_size] Using non-default initial_desc_page_size of 64, due to a small transfer size (8)
[2025-08-14 19:59:25.078] [145234] [HailoRT] [info] [internal_buffer_manager.cpp:75] [print_execution_results] Default Internal buffer planner failed to meet requirements
[2025-08-14 19:59:25.078] [145234] [HailoRT] [info] [internal_buffer_manager.cpp:86] [print_execution_results] Default Internal buffer planner executed successfully
[2025-08-14 19:59:25.088] [145234] [HailoRT] [info] [device_internal.cpp:57] [configure] Configuring HEF took 14.93536 milliseconds
[2025-08-14 19:59:25.088] [145234] [HailoRT] [info] [vdevice.cpp:780] [configure] Configuring HEF on VDevice took 15.890612 milliseconds
[2025-08-14 19:59:25.088] [145234] [HailoRT] [info] [hef.cpp:1994] [get_network_group_and_network_name] No name was given. Addressing all networks of default network_group: mobilenet
[2025-08-14 19:59:25.089] [145234] [HailoRT] [info] [hef.cpp:1994] [get_network_group_and_network_name] No name was given. Addressing all networks of default network_group: mobilenet
[2025-08-14 19:59:25.095] [145234] [HailoRT] [info] [edge_elements.cpp:52] [create] Created (HwWriteEl1mobilenet/input_layer1 | hw_frame_size: 150528)
[2025-08-14 19:59:25.095] [145234] [HailoRT] [info] [vstream.cpp:754] [InputVStreamImpl] Creating mobilenet/input_layer1...
[2025-08-14 19:59:25.095] [145234] [HailoRT] [info] [vstream_builder.cpp:102] [create_inputs] Input pipeline 'mobilenet/input_layer1': (HwWriteEl1mobilenet/input_layer1 | hw_frame_size: 150528) >> HW
[2025-08-14 19:59:25.095] [145234] [HailoRT] [info] [edge_elements.cpp:287] [create] Created (HwReadEl0mobilenet/fc18 | hw_frame_size: 8)
[2025-08-14 19:59:25.095] [145234] [HailoRT] [info] [queue_elements.cpp:657] [create] Created (PullQEl_hw_read0mobilenet/fc18)
[2025-08-14 19:59:25.095] [145234] [HailoRT] [info] [filter_elements.cpp:372] [create] Created (PostInferEl0mobilenet/fc18 | Padding Periph shape - src_shape: (1, 1, 2), dst_shape: (1, 1, 2))
[2025-08-14 19:59:25.096] [145234] [HailoRT] [info] [queue_elements.cpp:800] [create] Created (UserBuffQEl0mobilenet/fc18 | timeout: 10s)
[2025-08-14 19:59:25.096] [145234] [HailoRT] [info] [vstream.cpp:1114] [OutputVStreamImpl] Creating mobilenet/fc18...
[2025-08-14 19:59:25.096] [145234] [HailoRT] [info] [vstream_builder.cpp:220] [create_outputs] Output pipeline 'mobilenet/fc18': HW >> (HwReadEl0mobilenet/fc18 | hw_frame_size: 8) >> (PullQEl_hw_read0mobilenet/fc18) >> (PostInferEl0mobilenet/fc18 | Padding Periph shape - src_shape: (1, 1, 2), dst_shape: (1, 1, 2)) >> (UserBuffQEl0mobilenet/fc18 | timeout: 10s)
[2025-08-14 19:59:25.096] [145234] [HailoRT] [info] [core_op.cpp:156] [activate] Activating mobilenet took 0.231355 milliseconds. Note that the function is asynchronous and thus the network is not fully activated yet.
[2025-08-14 19:59:25.096] [145234] [HailoRT] [info] [core_op.cpp:156] [activate] Activating mobilenet took 0.241545 milliseconds. Note that the function is asynchronous and thus the network is not fully activated yet.
[2025-08-14 19:59:25.109] [162805] [HailoRT] [info] [vdevice_native_stream.cpp:331] [read_impl] Failed read from stream HAILO_STREAM_NOT_ACTIVATED(72) (device: 0000:03:00.0)
[2025-08-14 19:59:25.109] [145234] [HailoRT] [info] [core_op.cpp:186] [deactivate] Deactivating took 0.566252 ms
[2025-08-14 19:59:25.109] [145234] [HailoRT] [info] [core_op.cpp:186] [deactivate] Deactivating took 0.605983 ms
[2025-08-14 19:59:25.109] [162805] [HailoRT] [info] [queue_elements.cpp:734] [run_in_thread] Shutdown event was signaled in run_pull of queue element PullQEl_hw_read0mobilenet/fc18!
[2025-08-14 19:59:25.109] [162806] [HailoRT] [info] [queue_elements.cpp:855] [run_in_thread] Shutdown event was signaled in dequeue of UserBuffQEl0mobilenet/fc18!
[2025-08-14 19:59:25.109] [162805] [HailoRT] [info] [queue_elements.cpp:68] [operator()] Thread in element PullQEl_hw_read0mobilenet/fc18 is not running anymore, exiting..
[2025-08-14 19:59:25.110] [145234] [HailoRT] [info] [queue_elements.cpp:46] [~BaseQueueElement] Queue element PullQEl_hw_read0mobilenet/fc18 has 0 frames in his Queue on destruction
[2025-08-14 19:59:25.110] [162806] [HailoRT] [info] [queue_elements.cpp:68] [operator()] Thread in element UserBuffQEl0mobilenet/fc18 is not running anymore, exiting..
[2025-08-14 19:59:25.110] [145234] [HailoRT] [info] [queue_elements.cpp:46] [~BaseQueueElement] Queue element UserBuffQEl0mobilenet/fc18 has 0 frames in his Queue on destruction
[2025-08-14 19:59:25.216] [145234] [HailoRT] [info] [vdevice.cpp:535] [create] Creating vdevice with params: device_count: 1, scheduling_algorithm: NONE, multi_process_service: false
[2025-08-14 19:59:25.229] [145234] [HailoRT] [info] [device.cpp:51] [Device] OS Version: Linux 6.5.0-44-generic #44~22.04.1-Ubuntu SMP PREEMPT_DYNAMIC Tue Jun 18 14:36:16 UTC 2 x86_64
[2025-08-14 19:59:25.229] [145234] [HailoRT] [info] [control.cpp:113] [control__parse_identify_results] firmware_version is: 4.22.0
[2025-08-14 19:59:25.229] [145234] [HailoRT] [info] [vdevice.cpp:682] [create] VDevice Infos: 0000:03:00.0
[2025-08-14 19:59:25.253] [145234] [HailoRT] [info] [internal_buffer_manager.cpp:77] [print_execution_results] Planned internal buffer memory: CMA=0 CMA-Desc=262144 Pinned=2997248. memory to edge layer usage factor is 1
[2025-08-14 19:59:25.253] [145234] [HailoRT] [info] [internal_buffer_manager.cpp:86] [print_execution_results] Default Internal buffer planner executed successfully
[2025-08-14 19:59:25.330] [145234] [HailoRT] [info] [device_internal.cpp:57] [configure] Configuring HEF took 83.537126 milliseconds
[2025-08-14 19:59:25.330] [145234] [HailoRT] [info] [vdevice.cpp:780] [configure] Configuring HEF on VDevice took 84.022716 milliseconds
[2025-08-14 19:59:25.331] [145234] [HailoRT] [info] [edge_elements.cpp:52] [create] Created (HwWriteEl3yolov8m_pose/input_layer1 | hw_frame_size: 1228800)
[2025-08-14 19:59:25.331] [145234] [HailoRT] [info] [vstream.cpp:754] [InputVStreamImpl] Creating yolov8m_pose/input_layer1...
[2025-08-14 19:59:25.331] [145234] [HailoRT] [info] [vstream_builder.cpp:102] [create_inputs] Input pipeline 'yolov8m_pose/input_layer1': (HwWriteEl3yolov8m_pose/input_layer1 | hw_frame_size: 1228800) >> HW
[2025-08-14 19:59:25.332] [145234] [HailoRT] [info] [edge_elements.cpp:287] [create] Created (HwReadEl1yolov8m_pose/conv59 | hw_frame_size: 409600)
[2025-08-14 19:59:25.332] [145234] [HailoRT] [warning] [transform.cpp:57] [should_quantize_by_type] The model compiled for type UINT8, while the dst type is UINT16. libhailort will type-cast every value which might reduce performance. Consider recompiling the model.
[2025-08-14 19:59:25.332] [145234] [HailoRT] [info] [queue_elements.cpp:657] [create] Created (PullQEl_hw_read1yolov8m_pose/conv59)
[2025-08-14 19:59:25.332] [145234] [HailoRT] [warning] [transform.cpp:57] [should_quantize_by_type] The model compiled for type UINT8, while the dst type is UINT16. libhailort will type-cast every value which might reduce performance. Consider recompiling the model.
[2025-08-14 19:59:25.332] [145234] [HailoRT] [info] [filter_elements.cpp:372] [create] Created (PostInferEl1yolov8m_pose/conv59 | Quantization - src_type: UINT8, dst_type UINT16, limvals_min: -5.99085, limvals_max: 14.9361)
[2025-08-14 19:59:25.332] [145234] [HailoRT] [info] [queue_elements.cpp:800] [create] Created (UserBuffQEl1yolov8m_pose/conv59 | timeout: 10s)
[2025-08-14 19:59:25.332] [145234] [HailoRT] [info] [vstream.cpp:1114] [OutputVStreamImpl] Creating yolov8m_pose/conv59...
[2025-08-14 19:59:25.332] [145234] [HailoRT] [info] [vstream_builder.cpp:220] [create_outputs] Output pipeline 'yolov8m_pose/conv59': HW >> (HwReadEl1yolov8m_pose/conv59 | hw_frame_size: 409600) >> (PullQEl_hw_read1yolov8m_pose/conv59) >> (PostInferEl1yolov8m_pose/conv59 | Quantization - src_type: UINT8, dst_type UINT16, limvals_min: -5.99085, limvals_max: 14.9361) >> (UserBuffQEl1yolov8m_pose/conv59 | timeout: 10s)
[2025-08-14 19:59:25.332] [145234] [HailoRT] [info] [edge_elements.cpp:287] [create] Created (HwReadEl3yolov8m_pose/conv60 | hw_frame_size: 6400)
[2025-08-14 19:59:25.332] [145234] [HailoRT] [warning] [transform.cpp:57] [should_quantize_by_type] The model compiled for type UINT8, while the dst type is UINT16. libhailort will type-cast every value which might reduce performance. Consider recompiling the model.
[2025-08-14 19:59:25.332] [145234] [HailoRT] [info] [queue_elements.cpp:657] [create] Created (PullQEl_hw_read3yolov8m_pose/conv60)
[2025-08-14 19:59:25.332] [145234] [HailoRT] [warning] [transform.cpp:57] [should_quantize_by_type] The model compiled for type UINT8, while the dst type is UINT16. libhailort will type-cast every value which might reduce performance. Consider recompiling the model.
[2025-08-14 19:59:25.333] [145234] [HailoRT] [info] [filter_elements.cpp:372] [create] Created (PostInferEl3yolov8m_pose/conv60 | Quantization - src_type: UINT8, dst_type UINT16, limvals_min: 0, limvals_max: 1)
[2025-08-14 19:59:25.333] [145234] [HailoRT] [info] [queue_elements.cpp:800] [create] Created (UserBuffQEl3yolov8m_pose/conv60 | timeout: 10s)
[2025-08-14 19:59:25.333] [145234] [HailoRT] [info] [vstream.cpp:1114] [OutputVStreamImpl] Creating yolov8m_pose/conv60...
[2025-08-14 19:59:25.333] [145234] [HailoRT] [info] [vstream_builder.cpp:220] [create_outputs] Output pipeline 'yolov8m_pose/conv60': HW >> (HwReadEl3yolov8m_pose/conv60 | hw_frame_size: 6400) >> (PullQEl_hw_read3yolov8m_pose/conv60) >> (PostInferEl3yolov8m_pose/conv60 | Quantization - src_type: UINT8, dst_type UINT16, limvals_min: 0, limvals_max: 1) >> (UserBuffQEl3yolov8m_pose/conv60 | timeout: 10s)
[2025-08-14 19:59:25.333] [145234] [HailoRT] [info] [edge_elements.cpp:287] [create] Created (HwReadEl2yolov8m_pose/conv61 | hw_frame_size: 716800)
[2025-08-14 19:59:25.333] [145234] [HailoRT] [info] [queue_elements.cpp:657] [create] Created (PullQEl_hw_read2yolov8m_pose/conv61)
[2025-08-14 19:59:25.333] [145234] [HailoRT] [info] [filter_elements.cpp:372] [create] Created (PostInferEl2yolov8m_pose/conv61 | Reorder - src_order: FCR, src_shape: (80, 80, 56), dst_order: FCR, dst_shape: (80, 80, 51))
[2025-08-14 19:59:25.333] [145234] [HailoRT] [info] [queue_elements.cpp:800] [create] Created (UserBuffQEl2yolov8m_pose/conv61 | timeout: 10s)
[2025-08-14 19:59:25.333] [145234] [HailoRT] [info] [vstream.cpp:1114] [OutputVStreamImpl] Creating yolov8m_pose/conv61...
[2025-08-14 19:59:25.333] [145234] [HailoRT] [info] [vstream_builder.cpp:220] [create_outputs] Output pipeline 'yolov8m_pose/conv61': HW >> (HwReadEl2yolov8m_pose/conv61 | hw_frame_size: 716800) >> (PullQEl_hw_read2yolov8m_pose/conv61) >> (PostInferEl2yolov8m_pose/conv61 | Reorder - src_order: FCR, src_shape: (80, 80, 56), dst_order: FCR, dst_shape: (80, 80, 51)) >> (UserBuffQEl2yolov8m_pose/conv61 | timeout: 10s)
[2025-08-14 19:59:25.333] [145234] [HailoRT] [info] [edge_elements.cpp:287] [create] Created (HwReadEl8yolov8m_pose/conv75 | hw_frame_size: 102400)
[2025-08-14 19:59:25.333] [145234] [HailoRT] [warning] [transform.cpp:57] [should_quantize_by_type] The model compiled for type UINT8, while the dst type is UINT16. libhailort will type-cast every value which might reduce performance. Consider recompiling the model.
[2025-08-14 19:59:25.334] [145234] [HailoRT] [info] [queue_elements.cpp:657] [create] Created (PullQEl_hw_read8yolov8m_pose/conv75)
[2025-08-14 19:59:25.334] [145234] [HailoRT] [warning] [transform.cpp:57] [should_quantize_by_type] The model compiled for type UINT8, while the dst type is UINT16. libhailort will type-cast every value which might reduce performance. Consider recompiling the model.
[2025-08-14 19:59:25.334] [145234] [HailoRT] [info] [filter_elements.cpp:372] [create] Created (PostInferEl8yolov8m_pose/conv75 | Quantization - src_type: UINT8, dst_type UINT16, limvals_min: -7.00621, limvals_max: 13.5292)
[2025-08-14 19:59:25.334] [145234] [HailoRT] [info] [queue_elements.cpp:800] [create] Created (UserBuffQEl8yolov8m_pose/conv75 | timeout: 10s)
[2025-08-14 19:59:25.334] [145234] [HailoRT] [info] [vstream.cpp:1114] [OutputVStreamImpl] Creating yolov8m_pose/conv75...
[2025-08-14 19:59:25.334] [145234] [HailoRT] [info] [vstream_builder.cpp:220] [create_outputs] Output pipeline 'yolov8m_pose/conv75': HW >> (HwReadEl8yolov8m_pose/conv75 | hw_frame_size: 102400) >> (PullQEl_hw_read8yolov8m_pose/conv75) >> (PostInferEl8yolov8m_pose/conv75 | Quantization - src_type: UINT8, dst_type UINT16, limvals_min: -7.00621, limvals_max: 13.5292) >> (UserBuffQEl8yolov8m_pose/conv75 | timeout: 10s)
[2025-08-14 19:59:25.334] [145234] [HailoRT] [info] [edge_elements.cpp:287] [create] Created (HwReadEl5yolov8m_pose/conv76 | hw_frame_size: 1600)
[2025-08-14 19:59:25.334] [145234] [HailoRT] [warning] [transform.cpp:57] [should_quantize_by_type] The model compiled for type UINT8, while the dst type is UINT16. libhailort will type-cast every value which might reduce performance. Consider recompiling the model.
[2025-08-14 19:59:25.334] [145234] [HailoRT] [info] [queue_elements.cpp:657] [create] Created (PullQEl_hw_read5yolov8m_pose/conv76)
[2025-08-14 19:59:25.334] [145234] [HailoRT] [warning] [transform.cpp:57] [should_quantize_by_type] The model compiled for type UINT8, while the dst type is UINT16. libhailort will type-cast every value which might reduce performance. Consider recompiling the model.
[2025-08-14 19:59:25.334] [145234] [HailoRT] [info] [filter_elements.cpp:372] [create] Created (PostInferEl5yolov8m_pose/conv76 | Quantization - src_type: UINT8, dst_type UINT16, limvals_min: 0, limvals_max: 1)
[2025-08-14 19:59:25.334] [145234] [HailoRT] [info] [queue_elements.cpp:800] [create] Created (UserBuffQEl5yolov8m_pose/conv76 | timeout: 10s)
[2025-08-14 19:59:25.335] [145234] [HailoRT] [info] [vstream.cpp:1114] [OutputVStreamImpl] Creating yolov8m_pose/conv76...
[2025-08-14 19:59:25.335] [145234] [HailoRT] [info] [vstream_builder.cpp:220] [create_outputs] Output pipeline 'yolov8m_pose/conv76': HW >> (HwReadEl5yolov8m_pose/conv76 | hw_frame_size: 1600) >> (PullQEl_hw_read5yolov8m_pose/conv76) >> (PostInferEl5yolov8m_pose/conv76 | Quantization - src_type: UINT8, dst_type UINT16, limvals_min: 0, limvals_max: 1) >> (UserBuffQEl5yolov8m_pose/conv76 | timeout: 10s)
[2025-08-14 19:59:25.335] [145234] [HailoRT] [info] [edge_elements.cpp:287] [create] Created (HwReadEl0yolov8m_pose/conv77 | hw_frame_size: 179200)
[2025-08-14 19:59:25.335] [145234] [HailoRT] [info] [queue_elements.cpp:657] [create] Created (PullQEl_hw_read0yolov8m_pose/conv77)
[2025-08-14 19:59:25.335] [145234] [HailoRT] [info] [filter_elements.cpp:372] [create] Created (PostInferEl0yolov8m_pose/conv77 | Reorder - src_order: FCR, src_shape: (40, 40, 56), dst_order: FCR, dst_shape: (40, 40, 51))
[2025-08-14 19:59:25.335] [145234] [HailoRT] [info] [queue_elements.cpp:800] [create] Created (UserBuffQEl0yolov8m_pose/conv77 | timeout: 10s)
[2025-08-14 19:59:25.335] [145234] [HailoRT] [info] [vstream.cpp:1114] [OutputVStreamImpl] Creating yolov8m_pose/conv77...
[2025-08-14 19:59:25.335] [145234] [HailoRT] [info] [vstream_builder.cpp:220] [create_outputs] Output pipeline 'yolov8m_pose/conv77': HW >> (HwReadEl0yolov8m_pose/conv77 | hw_frame_size: 179200) >> (PullQEl_hw_read0yolov8m_pose/conv77) >> (PostInferEl0yolov8m_pose/conv77 | Reorder - src_order: FCR, src_shape: (40, 40, 56), dst_order: FCR, dst_shape: (40, 40, 51)) >> (UserBuffQEl0yolov8m_pose/conv77 | timeout: 10s)
[2025-08-14 19:59:25.335] [145234] [HailoRT] [info] [edge_elements.cpp:287] [create] Created (HwReadEl11yolov8m_pose/conv90 | hw_frame_size: 25600)
[2025-08-14 19:59:25.335] [145234] [HailoRT] [warning] [transform.cpp:57] [should_quantize_by_type] The model compiled for type UINT8, while the dst type is UINT16. libhailort will type-cast every value which might reduce performance. Consider recompiling the model.
[2025-08-14 19:59:25.335] [145234] [HailoRT] [info] [queue_elements.cpp:657] [create] Created (PullQEl_hw_read11yolov8m_pose/conv90)
[2025-08-14 19:59:25.335] [145234] [HailoRT] [warning] [transform.cpp:57] [should_quantize_by_type] The model compiled for type UINT8, while the dst type is UINT16. libhailort will type-cast every value which might reduce performance. Consider recompiling the model.
[2025-08-14 19:59:25.335] [145234] [HailoRT] [info] [filter_elements.cpp:372] [create] Created (PostInferEl11yolov8m_pose/conv90 | Quantization - src_type: UINT8, dst_type UINT16, limvals_min: -5.78642, limvals_max: 12.4301)
[2025-08-14 19:59:25.336] [145234] [HailoRT] [info] [queue_elements.cpp:800] [create] Created (UserBuffQEl11yolov8m_pose/conv90 | timeout: 10s)
[2025-08-14 19:59:25.336] [145234] [HailoRT] [info] [vstream.cpp:1114] [OutputVStreamImpl] Creating yolov8m_pose/conv90...
[2025-08-14 19:59:25.336] [145234] [HailoRT] [info] [vstream_builder.cpp:220] [create_outputs] Output pipeline 'yolov8m_pose/conv90': HW >> (HwReadEl11yolov8m_pose/conv90 | hw_frame_size: 25600) >> (PullQEl_hw_read11yolov8m_pose/conv90) >> (PostInferEl11yolov8m_pose/conv90 | Quantization - src_type: UINT8, dst_type UINT16, limvals_min: -5.78642, limvals_max: 12.4301) >> (UserBuffQEl11yolov8m_pose/conv90 | timeout: 10s)
[2025-08-14 19:59:25.336] [145234] [HailoRT] [info] [edge_elements.cpp:287] [create] Created (HwReadEl10yolov8m_pose/conv91 | hw_frame_size: 400)
[2025-08-14 19:59:25.336] [145234] [HailoRT] [warning] [transform.cpp:57] [should_quantize_by_type] The model compiled for type UINT8, while the dst type is UINT16. libhailort will type-cast every value which might reduce performance. Consider recompiling the model.
[2025-08-14 19:59:25.336] [145234] [HailoRT] [info] [queue_elements.cpp:657] [create] Created (PullQEl_hw_read10yolov8m_pose/conv91)
[2025-08-14 19:59:25.336] [145234] [HailoRT] [warning] [transform.cpp:57] [should_quantize_by_type] The model compiled for type UINT8, while the dst type is UINT16. libhailort will type-cast every value which might reduce performance. Consider recompiling the model.
[2025-08-14 19:59:25.336] [145234] [HailoRT] [info] [filter_elements.cpp:372] [create] Created (PostInferEl10yolov8m_pose/conv91 | Quantization - src_type: UINT8, dst_type UINT16, limvals_min: 0, limvals_max: 1)
[2025-08-14 19:59:25.336] [145234] [HailoRT] [info] [queue_elements.cpp:800] [create] Created (UserBuffQEl10yolov8m_pose/conv91 | timeout: 10s)
[2025-08-14 19:59:25.336] [145234] [HailoRT] [info] [vstream.cpp:1114] [OutputVStreamImpl] Creating yolov8m_pose/conv91...
[2025-08-14 19:59:25.336] [145234] [HailoRT] [info] [vstream_builder.cpp:220] [create_outputs] Output pipeline 'yolov8m_pose/conv91': HW >> (HwReadEl10yolov8m_pose/conv91 | hw_frame_size: 400) >> (PullQEl_hw_read10yolov8m_pose/conv91) >> (PostInferEl10yolov8m_pose/conv91 | Quantization - src_type: UINT8, dst_type UINT16, limvals_min: 0, limvals_max: 1) >> (UserBuffQEl10yolov8m_pose/conv91 | timeout: 10s)
[2025-08-14 19:59:25.336] [145234] [HailoRT] [info] [edge_elements.cpp:287] [create] Created (HwReadEl9yolov8m_pose/conv92 | hw_frame_size: 44800)
[2025-08-14 19:59:25.336] [145234] [HailoRT] [info] [queue_elements.cpp:657] [create] Created (PullQEl_hw_read9yolov8m_pose/conv92)
[2025-08-14 19:59:25.336] [145234] [HailoRT] [info] [filter_elements.cpp:372] [create] Created (PostInferEl9yolov8m_pose/conv92 | Reorder - src_order: FCR, src_shape: (20, 20, 56), dst_order: FCR, dst_shape: (20, 20, 51))
[2025-08-14 19:59:25.336] [145234] [HailoRT] [info] [queue_elements.cpp:800] [create] Created (UserBuffQEl9yolov8m_pose/conv92 | timeout: 10s)
[2025-08-14 19:59:25.336] [145234] [HailoRT] [info] [vstream.cpp:1114] [OutputVStreamImpl] Creating yolov8m_pose/conv92...
[2025-08-14 19:59:25.336] [145234] [HailoRT] [info] [vstream_builder.cpp:220] [create_outputs] Output pipeline 'yolov8m_pose/conv92': HW >> (HwReadEl9yolov8m_pose/conv92 | hw_frame_size: 44800) >> (PullQEl_hw_read9yolov8m_pose/conv92) >> (PostInferEl9yolov8m_pose/conv92 | Reorder - src_order: FCR, src_shape: (20, 20, 56), dst_order: FCR, dst_shape: (20, 20, 51)) >> (UserBuffQEl9yolov8m_pose/conv92 | timeout: 10s)
[2025-08-14 19:59:25.337] [145234] [HailoRT] [info] [core_op.cpp:156] [activate] Activating yolov8m_pose took 0.698991 milliseconds. Note that the function is asynchronous and thus the network is not fully activated yet.
[2025-08-14 19:59:25.337] [145234] [HailoRT] [info] [core_op.cpp:156] [activate] Activating yolov8m_pose took 0.715492 milliseconds. Note that the function is asynchronous and thus the network is not fully activated yet.
[2025-08-14 19:59:25.337] [145234] [HailoRT] [info] [hef.cpp:1994] [get_network_group_and_network_name] No name was given. Addressing all networks of default network_group: yolov8m_pose
[2025-08-14 19:59:25.354] [145234] [HailoRT] [info] [hef.cpp:1994] [get_network_group_and_network_name] No name was given. Addressing all networks of default network_group: yolov8m_pose
[2025-08-14 19:59:25.354] [145234] [HailoRT] [info] [hef.cpp:1994] [get_network_group_and_network_name] No name was given. Addressing all networks of default network_group: yolov8m_pose
[2025-08-14 19:59:25.354] [162820] [HailoRT] [info] [vdevice_native_stream.cpp:331] [read_impl] Failed read from stream HAILO_STREAM_NOT_ACTIVATED(72) (device: 0000:03:00.0)
[2025-08-14 19:59:25.354] [162814] [HailoRT] [info] [vdevice_native_stream.cpp:331] [read_impl] Failed read from stream HAILO_STREAM_NOT_ACTIVATED(72) (device: 0000:03:00.0)
[2025-08-14 19:59:25.354] [162818] [HailoRT] [info] [vdevice_native_stream.cpp:331] [read_impl] Failed read from stream HAILO_STREAM_NOT_ACTIVATED(72) (device: 0000:03:00.0)
[2025-08-14 19:59:25.354] [162816] [HailoRT] [info] [vdevice_native_stream.cpp:331] [read_impl] Failed read from stream HAILO_STREAM_NOT_ACTIVATED(72) (device: 0000:03:00.0)
[2025-08-14 19:59:25.354] [162822] [HailoRT] [info] [vdevice_native_stream.cpp:331] [read_impl] Failed read from stream HAILO_STREAM_NOT_ACTIVATED(72) (device: 0000:03:00.0)
[2025-08-14 19:59:25.354] [162828] [HailoRT] [info] [vdevice_native_stream.cpp:331] [read_impl] Failed read from stream HAILO_STREAM_NOT_ACTIVATED(72) (device: 0000:03:00.0)
[2025-08-14 19:59:25.354] [162830] [HailoRT] [info] [vdevice_native_stream.cpp:331] [read_impl] Failed read from stream HAILO_STREAM_NOT_ACTIVATED(72) (device: 0000:03:00.0)
[2025-08-14 19:59:25.354] [162826] [HailoRT] [info] [vdevice_native_stream.cpp:331] [read_impl] Failed read from stream HAILO_STREAM_NOT_ACTIVATED(72) (device: 0000:03:00.0)
[2025-08-14 19:59:25.354] [162824] [HailoRT] [info] [vdevice_native_stream.cpp:331] [read_impl] Failed read from stream HAILO_STREAM_NOT_ACTIVATED(72) (device: 0000:03:00.0)
[2025-08-14 19:59:25.355] [145234] [HailoRT] [info] [core_op.cpp:186] [deactivate] Deactivating took 0.656446 ms
[2025-08-14 19:59:25.355] [145234] [HailoRT] [info] [core_op.cpp:186] [deactivate] Deactivating took 0.672849 ms
[2025-08-14 19:59:25.355] [162815] [HailoRT] [info] [queue_elements.cpp:855] [run_in_thread] Shutdown event was signaled in dequeue of UserBuffQEl1yolov8m_pose/conv59!
[2025-08-14 19:59:25.355] [162814] [HailoRT] [info] [queue_elements.cpp:734] [run_in_thread] Shutdown event was signaled in run_pull of queue element PullQEl_hw_read1yolov8m_pose/conv59!
[2025-08-14 19:59:25.355] [162814] [HailoRT] [info] [queue_elements.cpp:68] [operator()] Thread in element PullQEl_hw_read1yolov8m_pose/conv59 is not running anymore, exiting..
[2025-08-14 19:59:25.355] [145234] [HailoRT] [info] [queue_elements.cpp:46] [~BaseQueueElement] Queue element PullQEl_hw_read1yolov8m_pose/conv59 has 0 frames in his Queue on destruction
[2025-08-14 19:59:25.355] [162815] [HailoRT] [info] [queue_elements.cpp:68] [operator()] Thread in element UserBuffQEl1yolov8m_pose/conv59 is not running anymore, exiting..
[2025-08-14 19:59:25.355] [145234] [HailoRT] [info] [queue_elements.cpp:46] [~BaseQueueElement] Queue element UserBuffQEl1yolov8m_pose/conv59 has 0 frames in his Queue on destruction
[2025-08-14 19:59:25.355] [162816] [HailoRT] [info] [queue_elements.cpp:734] [run_in_thread] Shutdown event was signaled in run_pull of queue element PullQEl_hw_read3yolov8m_pose/conv60!
[2025-08-14 19:59:25.355] [162817] [HailoRT] [info] [queue_elements.cpp:855] [run_in_thread] Shutdown event was signaled in dequeue of UserBuffQEl3yolov8m_pose/conv60!
[2025-08-14 19:59:25.355] [162816] [HailoRT] [info] [queue_elements.cpp:68] [operator()] Thread in element PullQEl_hw_read3yolov8m_pose/conv60 is not running anymore, exiting..
[2025-08-14 19:59:25.355] [145234] [HailoRT] [info] [queue_elements.cpp:46] [~BaseQueueElement] Queue element PullQEl_hw_read3yolov8m_pose/conv60 has 0 frames in his Queue on destruction
[2025-08-14 19:59:25.355] [162817] [HailoRT] [info] [queue_elements.cpp:68] [operator()] Thread in element UserBuffQEl3yolov8m_pose/conv60 is not running anymore, exiting..
[2025-08-14 19:59:25.355] [145234] [HailoRT] [info] [queue_elements.cpp:46] [~BaseQueueElement] Queue element UserBuffQEl3yolov8m_pose/conv60 has 0 frames in his Queue on destruction
[2025-08-14 19:59:25.355] [162818] [HailoRT] [info] [queue_elements.cpp:734] [run_in_thread] Shutdown event was signaled in run_pull of queue element PullQEl_hw_read2yolov8m_pose/conv61!
[2025-08-14 19:59:25.355] [162819] [HailoRT] [info] [queue_elements.cpp:855] [run_in_thread] Shutdown event was signaled in dequeue of UserBuffQEl2yolov8m_pose/conv61!
[2025-08-14 19:59:25.355] [162818] [HailoRT] [info] [queue_elements.cpp:68] [operator()] Thread in element PullQEl_hw_read2yolov8m_pose/conv61 is not running anymore, exiting..
[2025-08-14 19:59:25.355] [145234] [HailoRT] [info] [queue_elements.cpp:46] [~BaseQueueElement] Queue element PullQEl_hw_read2yolov8m_pose/conv61 has 0 frames in his Queue on destruction
[2025-08-14 19:59:25.355] [162819] [HailoRT] [info] [queue_elements.cpp:68] [operator()] Thread in element UserBuffQEl2yolov8m_pose/conv61 is not running anymore, exiting..
[2025-08-14 19:59:25.355] [145234] [HailoRT] [info] [queue_elements.cpp:46] [~BaseQueueElement] Queue element UserBuffQEl2yolov8m_pose/conv61 has 0 frames in his Queue on destruction
[2025-08-14 19:59:25.355] [162820] [HailoRT] [info] [queue_elements.cpp:734] [run_in_thread] Shutdown event was signaled in run_pull of queue element PullQEl_hw_read8yolov8m_pose/conv75!
[2025-08-14 19:59:25.355] [162821] [HailoRT] [info] [queue_elements.cpp:855] [run_in_thread] Shutdown event was signaled in dequeue of UserBuffQEl8yolov8m_pose/conv75!
[2025-08-14 19:59:25.355] [162820] [HailoRT] [info] [queue_elements.cpp:68] [operator()] Thread in element PullQEl_hw_read8yolov8m_pose/conv75 is not running anymore, exiting..
[2025-08-14 19:59:25.355] [145234] [HailoRT] [info] [queue_elements.cpp:46] [~BaseQueueElement] Queue element PullQEl_hw_read8yolov8m_pose/conv75 has 0 frames in his Queue on destruction
[2025-08-14 19:59:25.355] [162821] [HailoRT] [info] [queue_elements.cpp:68] [operator()] Thread in element UserBuffQEl8yolov8m_pose/conv75 is not running anymore, exiting..
[2025-08-14 19:59:25.355] [145234] [HailoRT] [info] [queue_elements.cpp:46] [~BaseQueueElement] Queue element UserBuffQEl8yolov8m_pose/conv75 has 0 frames in his Queue on destruction
[2025-08-14 19:59:25.355] [162822] [HailoRT] [info] [queue_elements.cpp:734] [run_in_thread] Shutdown event was signaled in run_pull of queue element PullQEl_hw_read5yolov8m_pose/conv76!
[2025-08-14 19:59:25.356] [162823] [HailoRT] [info] [queue_elements.cpp:855] [run_in_thread] Shutdown event was signaled in dequeue of UserBuffQEl5yolov8m_pose/conv76!
[2025-08-14 19:59:25.356] [162822] [HailoRT] [info] [queue_elements.cpp:68] [operator()] Thread in element PullQEl_hw_read5yolov8m_pose/conv76 is not running anymore, exiting..
[2025-08-14 19:59:25.356] [145234] [HailoRT] [info] [queue_elements.cpp:46] [~BaseQueueElement] Queue element PullQEl_hw_read5yolov8m_pose/conv76 has 0 frames in his Queue on destruction
[2025-08-14 19:59:25.356] [162823] [HailoRT] [info] [queue_elements.cpp:68] [operator()] Thread in element UserBuffQEl5yolov8m_pose/conv76 is not running anymore, exiting..
[2025-08-14 19:59:25.356] [145234] [HailoRT] [info] [queue_elements.cpp:46] [~BaseQueueElement] Queue element UserBuffQEl5yolov8m_pose/conv76 has 0 frames in his Queue on destruction
[2025-08-14 19:59:25.356] [162824] [HailoRT] [info] [queue_elements.cpp:734] [run_in_thread] Shutdown event was signaled in run_pull of queue element PullQEl_hw_read0yolov8m_pose/conv77!
[2025-08-14 19:59:25.356] [162825] [HailoRT] [info] [queue_elements.cpp:855] [run_in_thread] Shutdown event was signaled in dequeue of UserBuffQEl0yolov8m_pose/conv77!
[2025-08-14 19:59:25.356] [162824] [HailoRT] [info] [queue_elements.cpp:68] [operator()] Thread in element PullQEl_hw_read0yolov8m_pose/conv77 is not running anymore, exiting..
[2025-08-14 19:59:25.356] [145234] [HailoRT] [info] [queue_elements.cpp:46] [~BaseQueueElement] Queue element PullQEl_hw_read0yolov8m_pose/conv77 has 0 frames in his Queue on destruction
[2025-08-14 19:59:25.356] [162825] [HailoRT] [info] [queue_elements.cpp:68] [operator()] Thread in element UserBuffQEl0yolov8m_pose/conv77 is not running anymore, exiting..
[2025-08-14 19:59:25.356] [145234] [HailoRT] [info] [queue_elements.cpp:46] [~BaseQueueElement] Queue element UserBuffQEl0yolov8m_pose/conv77 has 0 frames in his Queue on destruction
[2025-08-14 19:59:25.356] [162826] [HailoRT] [info] [queue_elements.cpp:734] [run_in_thread] Shutdown event was signaled in run_pull of queue element PullQEl_hw_read11yolov8m_pose/conv90!
[2025-08-14 19:59:25.356] [162827] [HailoRT] [info] [queue_elements.cpp:855] [run_in_thread] Shutdown event was signaled in dequeue of UserBuffQEl11yolov8m_pose/conv90!
[2025-08-14 19:59:25.356] [162826] [HailoRT] [info] [queue_elements.cpp:68] [operator()] Thread in element PullQEl_hw_read11yolov8m_pose/conv90 is not running anymore, exiting..
[2025-08-14 19:59:25.356] [145234] [HailoRT] [info] [queue_elements.cpp:46] [~BaseQueueElement] Queue element PullQEl_hw_read11yolov8m_pose/conv90 has 0 frames in his Queue on destruction
[2025-08-14 19:59:25.356] [162827] [HailoRT] [info] [queue_elements.cpp:68] [operator()] Thread in element UserBuffQEl11yolov8m_pose/conv90 is not running anymore, exiting..
[2025-08-14 19:59:25.356] [145234] [HailoRT] [info] [queue_elements.cpp:46] [~BaseQueueElement] Queue element UserBuffQEl11yolov8m_pose/conv90 has 0 frames in his Queue on destruction
[2025-08-14 19:59:25.356] [162828] [HailoRT] [info] [queue_elements.cpp:734] [run_in_thread] Shutdown event was signaled in run_pull of queue element PullQEl_hw_read10yolov8m_pose/conv91!
[2025-08-14 19:59:25.356] [162829] [HailoRT] [info] [queue_elements.cpp:855] [run_in_thread] Shutdown event was signaled in dequeue of UserBuffQEl10yolov8m_pose/conv91!
[2025-08-14 19:59:25.356] [162828] [HailoRT] [info] [queue_elements.cpp:68] [operator()] Thread in element PullQEl_hw_read10yolov8m_pose/conv91 is not running anymore, exiting..
[2025-08-14 19:59:25.356] [145234] [HailoRT] [info] [queue_elements.cpp:46] [~BaseQueueElement] Queue element PullQEl_hw_read10yolov8m_pose/conv91 has 0 frames in his Queue on destruction
[2025-08-14 19:59:25.356] [162829] [HailoRT] [info] [queue_elements.cpp:68] [operator()] Thread in element UserBuffQEl10yolov8m_pose/conv91 is not running anymore, exiting..
[2025-08-14 19:59:25.356] [145234] [HailoRT] [info] [queue_elements.cpp:46] [~BaseQueueElement] Queue element UserBuffQEl10yolov8m_pose/conv91 has 0 frames in his Queue on destruction
[2025-08-14 19:59:25.356] [162830] [HailoRT] [info] [queue_elements.cpp:734] [run_in_thread] Shutdown event was signaled in run_pull of queue element PullQEl_hw_read9yolov8m_pose/conv92!
[2025-08-14 19:59:25.356] [162831] [HailoRT] [info] [queue_elements.cpp:855] [run_in_thread] Shutdown event was signaled in dequeue of UserBuffQEl9yolov8m_pose/conv92!
[2025-08-14 19:59:25.356] [162830] [HailoRT] [info] [queue_elements.cpp:68] [operator()] Thread in element PullQEl_hw_read9yolov8m_pose/conv92 is not running anymore, exiting..
[2025-08-14 19:59:25.356] [145234] [HailoRT] [info] [queue_elements.cpp:46] [~BaseQueueElement] Queue element PullQEl_hw_read9yolov8m_pose/conv92 has 0 frames in his Queue on destruction
[2025-08-14 19:59:25.356] [162831] [HailoRT] [info] [queue_elements.cpp:68] [operator()] Thread in element UserBuffQEl9yolov8m_pose/conv92 is not running anymore, exiting..
[2025-08-14 19:59:25.356] [145234] [HailoRT] [info] [queue_elements.cpp:46] [~BaseQueueElement] Queue element UserBuffQEl9yolov8m_pose/conv92 has 0 frames in his Queue on destruction
[2025-08-14 19:59:25.487] [145234] [HailoRT] [info] [vdevice.cpp:535] [create] Creating vdevice with params: device_count: 1, scheduling_algorithm: NONE, multi_process_service: false
[2025-08-14 19:59:25.498] [145234] [HailoRT] [info] [device.cpp:51] [Device] OS Version: Linux 6.5.0-44-generic #44~22.04.1-Ubuntu SMP PREEMPT_DYNAMIC Tue Jun 18 14:36:16 UTC 2 x86_64
[2025-08-14 19:59:25.498] [145234] [HailoRT] [info] [control.cpp:113] [control__parse_identify_results] firmware_version is: 4.22.0
[2025-08-14 19:59:25.499] [145234] [HailoRT] [info] [vdevice.cpp:682] [create] VDevice Infos: 0000:03:00.0
[2025-08-14 19:59:25.509] [145234] [HailoRT] [info] [buffer_requirements.cpp:198] [find_initial_desc_page_size] Using non-default initial_desc_page_size of 64, due to a small transfer size (8)
[2025-08-14 19:59:25.509] [145234] [HailoRT] [info] [internal_buffer_manager.cpp:75] [print_execution_results] Default Internal buffer planner failed to meet requirements
[2025-08-14 19:59:25.509] [145234] [HailoRT] [info] [internal_buffer_manager.cpp:86] [print_execution_results] Default Internal buffer planner executed successfully
[2025-08-14 19:59:25.518] [145234] [HailoRT] [info] [device_internal.cpp:57] [configure] Configuring HEF took 14.169069 milliseconds
[2025-08-14 19:59:25.518] [145234] [HailoRT] [info] [vdevice.cpp:780] [configure] Configuring HEF on VDevice took 14.7778 milliseconds
[2025-08-14 19:59:25.518] [145234] [HailoRT] [info] [hef.cpp:1994] [get_network_group_and_network_name] No name was given. Addressing all networks of default network_group: mobilenet
[2025-08-14 19:59:25.518] [145234] [HailoRT] [info] [hef.cpp:1994] [get_network_group_and_network_name] No name was given. Addressing all networks of default network_group: mobilenet
[2025-08-14 19:59:25.524] [145234] [HailoRT] [info] [edge_elements.cpp:52] [create] Created (HwWriteEl1mobilenet/input_layer1 | hw_frame_size: 150528)
[2025-08-14 19:59:25.524] [145234] [HailoRT] [info] [vstream.cpp:754] [InputVStreamImpl] Creating mobilenet/input_layer1...
[2025-08-14 19:59:25.524] [145234] [HailoRT] [info] [vstream_builder.cpp:102] [create_inputs] Input pipeline 'mobilenet/input_layer1': (HwWriteEl1mobilenet/input_layer1 | hw_frame_size: 150528) >> HW
[2025-08-14 19:59:25.524] [145234] [HailoRT] [info] [edge_elements.cpp:287] [create] Created (HwReadEl0mobilenet/fc18 | hw_frame_size: 8)
[2025-08-14 19:59:25.524] [145234] [HailoRT] [info] [queue_elements.cpp:657] [create] Created (PullQEl_hw_read0mobilenet/fc18)
[2025-08-14 19:59:25.524] [145234] [HailoRT] [info] [filter_elements.cpp:372] [create] Created (PostInferEl0mobilenet/fc18 | Padding Periph shape - src_shape: (1, 1, 2), dst_shape: (1, 1, 2))
[2025-08-14 19:59:25.524] [145234] [HailoRT] [info] [queue_elements.cpp:800] [create] Created (UserBuffQEl0mobilenet/fc18 | timeout: 10s)
[2025-08-14 19:59:25.524] [145234] [HailoRT] [info] [vstream.cpp:1114] [OutputVStreamImpl] Creating mobilenet/fc18...
[2025-08-14 19:59:25.525] [145234] [HailoRT] [info] [vstream_builder.cpp:220] [create_outputs] Output pipeline 'mobilenet/fc18': HW >> (HwReadEl0mobilenet/fc18 | hw_frame_size: 8) >> (PullQEl_hw_read0mobilenet/fc18) >> (PostInferEl0mobilenet/fc18 | Padding Periph shape - src_shape: (1, 1, 2), dst_shape: (1, 1, 2)) >> (UserBuffQEl0mobilenet/fc18 | timeout: 10s)
[2025-08-14 19:59:25.525] [145234] [HailoRT] [info] [core_op.cpp:156] [activate] Activating mobilenet took 0.31463 milliseconds. Note that the function is asynchronous and thus the network is not fully activated yet.
[2025-08-14 19:59:25.525] [145234] [HailoRT] [info] [core_op.cpp:156] [activate] Activating mobilenet took 0.343537 milliseconds. Note that the function is asynchronous and thus the network is not fully activated yet.
[2025-08-14 19:59:25.537] [162846] [HailoRT] [info] [vdevice_native_stream.cpp:331] [read_impl] Failed read from stream HAILO_STREAM_NOT_ACTIVATED(72) (device: 0000:03:00.0)
[2025-08-14 19:59:25.537] [145234] [HailoRT] [info] [core_op.cpp:186] [deactivate] Deactivating took 0.408383 ms
[2025-08-14 19:59:25.537] [145234] [HailoRT] [info] [core_op.cpp:186] [deactivate] Deactivating took 0.42216 ms
[2025-08-14 19:59:25.537] [162846] [HailoRT] [info] [queue_elements.cpp:734] [run_in_thread] Shutdown event was signaled in run_pull of queue element PullQEl_hw_read0mobilenet/fc18!
[2025-08-14 19:59:25.537] [162847] [HailoRT] [info] [queue_elements.cpp:855] [run_in_thread] Shutdown event was signaled in dequeue of UserBuffQEl0mobilenet/fc18!
[2025-08-14 19:59:25.537] [162846] [HailoRT] [info] [queue_elements.cpp:68] [operator()] Thread in element PullQEl_hw_read0mobilenet/fc18 is not running anymore, exiting..
[2025-08-14 19:59:25.538] [145234] [HailoRT] [info] [queue_elements.cpp:46] [~BaseQueueElement] Queue element PullQEl_hw_read0mobilenet/fc18 has 0 frames in his Queue on destruction
[2025-08-14 19:59:25.538] [162847] [HailoRT] [info] [queue_elements.cpp:68] [operator()] Thread in element UserBuffQEl0mobilenet/fc18 is not running anymore, exiting..
[2025-08-14 19:59:25.538] [145234] [HailoRT] [info] [queue_elements.cpp:46] [~BaseQueueElement] Queue element UserBuffQEl0mobilenet/fc18 has 0 frames in his Queue on destruction
[2025-08-14 19:59:25.697] [145234] [HailoRT] [info] [vdevice.cpp:535] [create] Creating vdevice with params: device_count: 1, scheduling_algorithm: NONE, multi_process_service: false
[2025-08-14 19:59:25.709] [145234] [HailoRT] [info] [device.cpp:51] [Device] OS Version: Linux 6.5.0-44-generic #44~22.04.1-Ubuntu SMP PREEMPT_DYNAMIC Tue Jun 18 14:36:16 UTC 2 x86_64
[2025-08-14 19:59:25.709] [145234] [HailoRT] [info] [control.cpp:113] [control__parse_identify_results] firmware_version is: 4.22.0
[2025-08-14 19:59:25.709] [145234] [HailoRT] [info] [vdevice.cpp:682] [create] VDevice Infos: 0000:03:00.0
[2025-08-14 19:59:25.734] [145234] [HailoRT] [info] [internal_buffer_manager.cpp:77] [print_execution_results] Planned internal buffer memory: CMA=0 CMA-Desc=262144 Pinned=2997248. memory to edge layer usage factor is 1
[2025-08-14 19:59:25.734] [145234] [HailoRT] [info] [internal_buffer_manager.cpp:86] [print_execution_results] Default Internal buffer planner executed successfully
[2025-08-14 19:59:25.810] [145234] [HailoRT] [info] [device_internal.cpp:57] [configure] Configuring HEF took 84.39068 milliseconds
[2025-08-14 19:59:25.811] [145234] [HailoRT] [info] [vdevice.cpp:780] [configure] Configuring HEF on VDevice took 84.913 milliseconds
[2025-08-14 19:59:25.813] [145234] [HailoRT] [info] [edge_elements.cpp:52] [create] Created (HwWriteEl3yolov8m_pose/input_layer1 | hw_frame_size: 1228800)
[2025-08-14 19:59:25.813] [145234] [HailoRT] [info] [vstream.cpp:754] [InputVStreamImpl] Creating yolov8m_pose/input_layer1...
[2025-08-14 19:59:25.813] [145234] [HailoRT] [info] [vstream_builder.cpp:102] [create_inputs] Input pipeline 'yolov8m_pose/input_layer1': (HwWriteEl3yolov8m_pose/input_layer1 | hw_frame_size: 1228800) >> HW
[2025-08-14 19:59:25.813] [145234] [HailoRT] [info] [edge_elements.cpp:287] [create] Created (HwReadEl1yolov8m_pose/conv59 | hw_frame_size: 409600)
[2025-08-14 19:59:25.813] [145234] [HailoRT] [warning] [transform.cpp:57] [should_quantize_by_type] The model compiled for type UINT8, while the dst type is UINT16. libhailort will type-cast every value which might reduce performance. Consider recompiling the model.
[2025-08-14 19:59:25.814] [145234] [HailoRT] [info] [queue_elements.cpp:657] [create] Created (PullQEl_hw_read1yolov8m_pose/conv59)
[2025-08-14 19:59:25.814] [145234] [HailoRT] [warning] [transform.cpp:57] [should_quantize_by_type] The model compiled for type UINT8, while the dst type is UINT16. libhailort will type-cast every value which might reduce performance. Consider recompiling the model.
[2025-08-14 19:59:25.814] [145234] [HailoRT] [info] [filter_elements.cpp:372] [create] Created (PostInferEl1yolov8m_pose/conv59 | Quantization - src_type: UINT8, dst_type UINT16, limvals_min: -5.99085, limvals_max: 14.9361)
[2025-08-14 19:59:25.814] [145234] [HailoRT] [info] [queue_elements.cpp:800] [create] Created (UserBuffQEl1yolov8m_pose/conv59 | timeout: 10s)
[2025-08-14 19:59:25.814] [145234] [HailoRT] [info] [vstream.cpp:1114] [OutputVStreamImpl] Creating yolov8m_pose/conv59...
[2025-08-14 19:59:25.814] [145234] [HailoRT] [info] [vstream_builder.cpp:220] [create_outputs] Output pipeline 'yolov8m_pose/conv59': HW >> (HwReadEl1yolov8m_pose/conv59 | hw_frame_size: 409600) >> (PullQEl_hw_read1yolov8m_pose/conv59) >> (PostInferEl1yolov8m_pose/conv59 | Quantization - src_type: UINT8, dst_type UINT16, limvals_min: -5.99085, limvals_max: 14.9361) >> (UserBuffQEl1yolov8m_pose/conv59 | timeout: 10s)
[2025-08-14 19:59:25.814] [145234] [HailoRT] [info] [edge_elements.cpp:287] [create] Created (HwReadEl3yolov8m_pose/conv60 | hw_frame_size: 6400)
[2025-08-14 19:59:25.814] [145234] [HailoRT] [warning] [transform.cpp:57] [should_quantize_by_type] The model compiled for type UINT8, while the dst type is UINT16. libhailort will type-cast every value which might reduce performance. Consider recompiling the model.
[2025-08-14 19:59:25.814] [145234] [HailoRT] [info] [queue_elements.cpp:657] [create] Created (PullQEl_hw_read3yolov8m_pose/conv60)
[2025-08-14 19:59:25.814] [145234] [HailoRT] [warning] [transform.cpp:57] [should_quantize_by_type] The model compiled for type UINT8, while the dst type is UINT16. libhailort will type-cast every value which might reduce performance. Consider recompiling the model.
[2025-08-14 19:59:25.814] [145234] [HailoRT] [info] [filter_elements.cpp:372] [create] Created (PostInferEl3yolov8m_pose/conv60 | Quantization - src_type: UINT8, dst_type UINT16, limvals_min: 0, limvals_max: 1)
[2025-08-14 19:59:25.814] [145234] [HailoRT] [info] [queue_elements.cpp:800] [create] Created (UserBuffQEl3yolov8m_pose/conv60 | timeout: 10s)
[2025-08-14 19:59:25.814] [145234] [HailoRT] [info] [vstream.cpp:1114] [OutputVStreamImpl] Creating yolov8m_pose/conv60...
[2025-08-14 19:59:25.814] [145234] [HailoRT] [info] [vstream_builder.cpp:220] [create_outputs] Output pipeline 'yolov8m_pose/conv60': HW >> (HwReadEl3yolov8m_pose/conv60 | hw_frame_size: 6400) >> (PullQEl_hw_read3yolov8m_pose/conv60) >> (PostInferEl3yolov8m_pose/conv60 | Quantization - src_type: UINT8, dst_type UINT16, limvals_min: 0, limvals_max: 1) >> (UserBuffQEl3yolov8m_pose/conv60 | timeout: 10s)
[2025-08-14 19:59:25.814] [145234] [HailoRT] [info] [edge_elements.cpp:287] [create] Created (HwReadEl2yolov8m_pose/conv61 | hw_frame_size: 716800)
[2025-08-14 19:59:25.814] [145234] [HailoRT] [info] [queue_elements.cpp:657] [create] Created (PullQEl_hw_read2yolov8m_pose/conv61)
[2025-08-14 19:59:25.814] [145234] [HailoRT] [info] [filter_elements.cpp:372] [create] Created (PostInferEl2yolov8m_pose/conv61 | Reorder - src_order: FCR, src_shape: (80, 80, 56), dst_order: FCR, dst_shape: (80, 80, 51))
[2025-08-14 19:59:25.814] [145234] [HailoRT] [info] [queue_elements.cpp:800] [create] Created (UserBuffQEl2yolov8m_pose/conv61 | timeout: 10s)
[2025-08-14 19:59:25.814] [145234] [HailoRT] [info] [vstream.cpp:1114] [OutputVStreamImpl] Creating yolov8m_pose/conv61...
[2025-08-14 19:59:25.814] [145234] [HailoRT] [info] [vstream_builder.cpp:220] [create_outputs] Output pipeline 'yolov8m_pose/conv61': HW >> (HwReadEl2yolov8m_pose/conv61 | hw_frame_size: 716800) >> (PullQEl_hw_read2yolov8m_pose/conv61) >> (PostInferEl2yolov8m_pose/conv61 | Reorder - src_order: FCR, src_shape: (80, 80, 56), dst_order: FCR, dst_shape: (80, 80, 51)) >> (UserBuffQEl2yolov8m_pose/conv61 | timeout: 10s)
[2025-08-14 19:59:25.814] [145234] [HailoRT] [info] [edge_elements.cpp:287] [create] Created (HwReadEl8yolov8m_pose/conv75 | hw_frame_size: 102400)
[2025-08-14 19:59:25.814] [145234] [HailoRT] [warning] [transform.cpp:57] [should_quantize_by_type] The model compiled for type UINT8, while the dst type is UINT16. libhailort will type-cast every value which might reduce performance. Consider recompiling the model.
[2025-08-14 19:59:25.815] [145234] [HailoRT] [info] [queue_elements.cpp:657] [create] Created (PullQEl_hw_read8yolov8m_pose/conv75)
[2025-08-14 19:59:25.815] [145234] [HailoRT] [warning] [transform.cpp:57] [should_quantize_by_type] The model compiled for type UINT8, while the dst type is UINT16. libhailort will type-cast every value which might reduce performance. Consider recompiling the model.
[2025-08-14 19:59:25.815] [145234] [HailoRT] [info] [filter_elements.cpp:372] [create] Created (PostInferEl8yolov8m_pose/conv75 | Quantization - src_type: UINT8, dst_type UINT16, limvals_min: -7.00621, limvals_max: 13.5292)
[2025-08-14 19:59:25.815] [145234] [HailoRT] [info] [queue_elements.cpp:800] [create] Created (UserBuffQEl8yolov8m_pose/conv75 | timeout: 10s)
[2025-08-14 19:59:25.815] [145234] [HailoRT] [info] [vstream.cpp:1114] [OutputVStreamImpl] Creating yolov8m_pose/conv75...
[2025-08-14 19:59:25.815] [145234] [HailoRT] [info] [vstream_builder.cpp:220] [create_outputs] Output pipeline 'yolov8m_pose/conv75': HW >> (HwReadEl8yolov8m_pose/conv75 | hw_frame_size: 102400) >> (PullQEl_hw_read8yolov8m_pose/conv75) >> (PostInferEl8yolov8m_pose/conv75 | Quantization - src_type: UINT8, dst_type UINT16, limvals_min: -7.00621, limvals_max: 13.5292) >> (UserBuffQEl8yolov8m_pose/conv75 | timeout: 10s)
[2025-08-14 19:59:25.815] [145234] [HailoRT] [info] [edge_elements.cpp:287] [create] Created (HwReadEl5yolov8m_pose/conv76 | hw_frame_size: 1600)
[2025-08-14 19:59:25.815] [145234] [HailoRT] [warning] [transform.cpp:57] [should_quantize_by_type] The model compiled for type UINT8, while the dst type is UINT16. libhailort will type-cast every value which might reduce performance. Consider recompiling the model.
[2025-08-14 19:59:25.815] [145234] [HailoRT] [info] [queue_elements.cpp:657] [create] Created (PullQEl_hw_read5yolov8m_pose/conv76)
[2025-08-14 19:59:25.815] [145234] [HailoRT] [warning] [transform.cpp:57] [should_quantize_by_type] The model compiled for type UINT8, while the dst type is UINT16. libhailort will type-cast every value which might reduce performance. Consider recompiling the model.
[2025-08-14 19:59:25.815] [145234] [HailoRT] [info] [filter_elements.cpp:372] [create] Created (PostInferEl5yolov8m_pose/conv76 | Quantization - src_type: UINT8, dst_type UINT16, limvals_min: 0, limvals_max: 1)
[2025-08-14 19:59:25.815] [145234] [HailoRT] [info] [queue_elements.cpp:800] [create] Created (UserBuffQEl5yolov8m_pose/conv76 | timeout: 10s)
[2025-08-14 19:59:25.815] [145234] [HailoRT] [info] [vstream.cpp:1114] [OutputVStreamImpl] Creating yolov8m_pose/conv76...
[2025-08-14 19:59:25.815] [145234] [HailoRT] [info] [vstream_builder.cpp:220] [create_outputs] Output pipeline 'yolov8m_pose/conv76': HW >> (HwReadEl5yolov8m_pose/conv76 | hw_frame_size: 1600) >> (PullQEl_hw_read5yolov8m_pose/conv76) >> (PostInferEl5yolov8m_pose/conv76 | Quantization - src_type: UINT8, dst_type UINT16, limvals_min: 0, limvals_max: 1) >> (UserBuffQEl5yolov8m_pose/conv76 | timeout: 10s)
[2025-08-14 19:59:25.815] [145234] [HailoRT] [info] [edge_elements.cpp:287] [create] Created (HwReadEl0yolov8m_pose/conv77 | hw_frame_size: 179200)
[2025-08-14 19:59:25.815] [145234] [HailoRT] [info] [queue_elements.cpp:657] [create] Created (PullQEl_hw_read0yolov8m_pose/conv77)
[2025-08-14 19:59:25.815] [145234] [HailoRT] [info] [filter_elements.cpp:372] [create] Created (PostInferEl0yolov8m_pose/conv77 | Reorder - src_order: FCR, src_shape: (40, 40, 56), dst_order: FCR, dst_shape: (40, 40, 51))
[2025-08-14 19:59:25.815] [145234] [HailoRT] [info] [queue_elements.cpp:800] [create] Created (UserBuffQEl0yolov8m_pose/conv77 | timeout: 10s)
[2025-08-14 19:59:25.815] [145234] [HailoRT] [info] [vstream.cpp:1114] [OutputVStreamImpl] Creating yolov8m_pose/conv77...
[2025-08-14 19:59:25.815] [145234] [HailoRT] [info] [vstream_builder.cpp:220] [create_outputs] Output pipeline 'yolov8m_pose/conv77': HW >> (HwReadEl0yolov8m_pose/conv77 | hw_frame_size: 179200) >> (PullQEl_hw_read0yolov8m_pose/conv77) >> (PostInferEl0yolov8m_pose/conv77 | Reorder - src_order: FCR, src_shape: (40, 40, 56), dst_order: FCR, dst_shape: (40, 40, 51)) >> (UserBuffQEl0yolov8m_pose/conv77 | timeout: 10s)
[2025-08-14 19:59:25.815] [145234] [HailoRT] [info] [edge_elements.cpp:287] [create] Created (HwReadEl11yolov8m_pose/conv90 | hw_frame_size: 25600)
[2025-08-14 19:59:25.815] [145234] [HailoRT] [warning] [transform.cpp:57] [should_quantize_by_type] The model compiled for type UINT8, while the dst type is UINT16. libhailort will type-cast every value which might reduce performance. Consider recompiling the model.
[2025-08-14 19:59:25.815] [145234] [HailoRT] [info] [queue_elements.cpp:657] [create] Created (PullQEl_hw_read11yolov8m_pose/conv90)
[2025-08-14 19:59:25.815] [145234] [HailoRT] [warning] [transform.cpp:57] [should_quantize_by_type] The model compiled for type UINT8, while the dst type is UINT16. libhailort will type-cast every value which might reduce performance. Consider recompiling the model.
[2025-08-14 19:59:25.815] [145234] [HailoRT] [info] [filter_elements.cpp:372] [create] Created (PostInferEl11yolov8m_pose/conv90 | Quantization - src_type: UINT8, dst_type UINT16, limvals_min: -5.78642, limvals_max: 12.4301)
[2025-08-14 19:59:25.815] [145234] [HailoRT] [info] [queue_elements.cpp:800] [create] Created (UserBuffQEl11yolov8m_pose/conv90 | timeout: 10s)
[2025-08-14 19:59:25.815] [145234] [HailoRT] [info] [vstream.cpp:1114] [OutputVStreamImpl] Creating yolov8m_pose/conv90...
[2025-08-14 19:59:25.816] [145234] [HailoRT] [info] [vstream_builder.cpp:220] [create_outputs] Output pipeline 'yolov8m_pose/conv90': HW >> (HwReadEl11yolov8m_pose/conv90 | hw_frame_size: 25600) >> (PullQEl_hw_read11yolov8m_pose/conv90) >> (PostInferEl11yolov8m_pose/conv90 | Quantization - src_type: UINT8, dst_type UINT16, limvals_min: -5.78642, limvals_max: 12.4301) >> (UserBuffQEl11yolov8m_pose/conv90 | timeout: 10s)
[2025-08-14 19:59:25.816] [145234] [HailoRT] [info] [edge_elements.cpp:287] [create] Created (HwReadEl10yolov8m_pose/conv91 | hw_frame_size: 400)
[2025-08-14 19:59:25.816] [145234] [HailoRT] [warning] [transform.cpp:57] [should_quantize_by_type] The model compiled for type UINT8, while the dst type is UINT16. libhailort will type-cast every value which might reduce performance. Consider recompiling the model.
[2025-08-14 19:59:25.816] [145234] [HailoRT] [info] [queue_elements.cpp:657] [create] Created (PullQEl_hw_read10yolov8m_pose/conv91)
[2025-08-14 19:59:25.816] [145234] [HailoRT] [warning] [transform.cpp:57] [should_quantize_by_type] The model compiled for type UINT8, while the dst type is UINT16. libhailort will type-cast every value which might reduce performance. Consider recompiling the model.
[2025-08-14 19:59:25.816] [145234] [HailoRT] [info] [filter_elements.cpp:372] [create] Created (PostInferEl10yolov8m_pose/conv91 | Quantization - src_type: UINT8, dst_type UINT16, limvals_min: 0, limvals_max: 1)
[2025-08-14 19:59:25.816] [145234] [HailoRT] [info] [queue_elements.cpp:800] [create] Created (UserBuffQEl10yolov8m_pose/conv91 | timeout: 10s)
[2025-08-14 19:59:25.816] [145234] [HailoRT] [info] [vstream.cpp:1114] [OutputVStreamImpl] Creating yolov8m_pose/conv91...
[2025-08-14 19:59:25.816] [145234] [HailoRT] [info] [vstream_builder.cpp:220] [create_outputs] Output pipeline 'yolov8m_pose/conv91': HW >> (HwReadEl10yolov8m_pose/conv91 | hw_frame_size: 400) >> (PullQEl_hw_read10yolov8m_pose/conv91) >> (PostInferEl10yolov8m_pose/conv91 | Quantization - src_type: UINT8, dst_type UINT16, limvals_min: 0, limvals_max: 1) >> (UserBuffQEl10yolov8m_pose/conv91 | timeout: 10s)
[2025-08-14 19:59:25.816] [145234] [HailoRT] [info] [edge_elements.cpp:287] [create] Created (HwReadEl9yolov8m_pose/conv92 | hw_frame_size: 44800)
[2025-08-14 19:59:25.816] [145234] [HailoRT] [info] [queue_elements.cpp:657] [create] Created (PullQEl_hw_read9yolov8m_pose/conv92)
[2025-08-14 19:59:25.816] [145234] [HailoRT] [info] [filter_elements.cpp:372] [create] Created (PostInferEl9yolov8m_pose/conv92 | Reorder - src_order: FCR, src_shape: (20, 20, 56), dst_order: FCR, dst_shape: (20, 20, 51))
[2025-08-14 19:59:25.816] [145234] [HailoRT] [info] [queue_elements.cpp:800] [create] Created (UserBuffQEl9yolov8m_pose/conv92 | timeout: 10s)
[2025-08-14 19:59:25.816] [145234] [HailoRT] [info] [vstream.cpp:1114] [OutputVStreamImpl] Creating yolov8m_pose/conv92...
[2025-08-14 19:59:25.816] [145234] [HailoRT] [info] [vstream_builder.cpp:220] [create_outputs] Output pipeline 'yolov8m_pose/conv92': HW >> (HwReadEl9yolov8m_pose/conv92 | hw_frame_size: 44800) >> (PullQEl_hw_read9yolov8m_pose/conv92) >> (PostInferEl9yolov8m_pose/conv92 | Reorder - src_order: FCR, src_shape: (20, 20, 56), dst_order: FCR, dst_shape: (20, 20, 51)) >> (UserBuffQEl9yolov8m_pose/conv92 | timeout: 10s)
[2025-08-14 19:59:25.817] [145234] [HailoRT] [info] [core_op.cpp:156] [activate] Activating yolov8m_pose took 0.863199 milliseconds. Note that the function is asynchronous and thus the network is not fully activated yet.
[2025-08-14 19:59:25.817] [145234] [HailoRT] [info] [core_op.cpp:156] [activate] Activating yolov8m_pose took 0.902461 milliseconds. Note that the function is asynchronous and thus the network is not fully activated yet.
[2025-08-14 19:59:25.818] [145234] [HailoRT] [info] [hef.cpp:1994] [get_network_group_and_network_name] No name was given. Addressing all networks of default network_group: yolov8m_pose
[2025-08-14 19:59:25.835] [145234] [HailoRT] [info] [hef.cpp:1994] [get_network_group_and_network_name] No name was given. Addressing all networks of default network_group: yolov8m_pose
[2025-08-14 19:59:25.836] [145234] [HailoRT] [info] [hef.cpp:1994] [get_network_group_and_network_name] No name was given. Addressing all networks of default network_group: yolov8m_pose
[2025-08-14 19:59:25.836] [162860] [HailoRT] [info] [vdevice_native_stream.cpp:331] [read_impl] Failed read from stream HAILO_STREAM_NOT_ACTIVATED(72) (device: 0000:03:00.0)
[2025-08-14 19:59:25.836] [162866] [HailoRT] [info] [vdevice_native_stream.cpp:331] [read_impl] Failed read from stream HAILO_STREAM_NOT_ACTIVATED(72) (device: 0000:03:00.0)
[2025-08-14 19:59:25.836] [162862] [HailoRT] [info] [vdevice_native_stream.cpp:331] [read_impl] Failed read from stream HAILO_STREAM_NOT_ACTIVATED(72) (device: 0000:03:00.0)
[2025-08-14 19:59:25.836] [162872] [HailoRT] [info] [vdevice_native_stream.cpp:331] [read_impl] Failed read from stream HAILO_STREAM_NOT_ACTIVATED(72) (device: 0000:03:00.0)
[2025-08-14 19:59:25.836] [162864] [HailoRT] [info] [vdevice_native_stream.cpp:331] [read_impl] Failed read from stream HAILO_STREAM_NOT_ACTIVATED(72) (device: 0000:03:00.0)
[2025-08-14 19:59:25.836] [162868] [HailoRT] [info] [vdevice_native_stream.cpp:331] [read_impl] Failed read from stream HAILO_STREAM_NOT_ACTIVATED(72) (device: 0000:03:00.0)
[2025-08-14 19:59:25.836] [162870] [HailoRT] [info] [vdevice_native_stream.cpp:331] [read_impl] Failed read from stream HAILO_STREAM_NOT_ACTIVATED(72) (device: 0000:03:00.0)
[2025-08-14 19:59:25.836] [162874] [HailoRT] [info] [vdevice_native_stream.cpp:331] [read_impl] Failed read from stream HAILO_STREAM_NOT_ACTIVATED(72) (device: 0000:03:00.0)
[2025-08-14 19:59:25.836] [162858] [HailoRT] [info] [vdevice_native_stream.cpp:331] [read_impl] Failed read from stream HAILO_STREAM_NOT_ACTIVATED(72) (device: 0000:03:00.0)
[2025-08-14 19:59:25.836] [145234] [HailoRT] [info] [core_op.cpp:186] [deactivate] Deactivating took 0.581418 ms
[2025-08-14 19:59:25.836] [145234] [HailoRT] [info] [core_op.cpp:186] [deactivate] Deactivating took 0.598379 ms
[2025-08-14 19:59:25.836] [162858] [HailoRT] [info] [queue_elements.cpp:734] [run_in_thread] Shutdown event was signaled in run_pull of queue element PullQEl_hw_read1yolov8m_pose/conv59!
[2025-08-14 19:59:25.836] [162859] [HailoRT] [info] [queue_elements.cpp:855] [run_in_thread] Shutdown event was signaled in dequeue of UserBuffQEl1yolov8m_pose/conv59!
[2025-08-14 19:59:25.837] [162858] [HailoRT] [info] [queue_elements.cpp:68] [operator()] Thread in element PullQEl_hw_read1yolov8m_pose/conv59 is not running anymore, exiting..
[2025-08-14 19:59:25.837] [145234] [HailoRT] [info] [queue_elements.cpp:46] [~BaseQueueElement] Queue element PullQEl_hw_read1yolov8m_pose/conv59 has 0 frames in his Queue on destruction
[2025-08-14 19:59:25.837] [162859] [HailoRT] [info] [queue_elements.cpp:68] [operator()] Thread in element UserBuffQEl1yolov8m_pose/conv59 is not running anymore, exiting..
[2025-08-14 19:59:25.837] [145234] [HailoRT] [info] [queue_elements.cpp:46] [~BaseQueueElement] Queue element UserBuffQEl1yolov8m_pose/conv59 has 0 frames in his Queue on destruction
[2025-08-14 19:59:25.837] [162860] [HailoRT] [info] [queue_elements.cpp:734] [run_in_thread] Shutdown event was signaled in run_pull of queue element PullQEl_hw_read3yolov8m_pose/conv60!
[2025-08-14 19:59:25.837] [162861] [HailoRT] [info] [queue_elements.cpp:855] [run_in_thread] Shutdown event was signaled in dequeue of UserBuffQEl3yolov8m_pose/conv60!
[2025-08-14 19:59:25.837] [162860] [HailoRT] [info] [queue_elements.cpp:68] [operator()] Thread in element PullQEl_hw_read3yolov8m_pose/conv60 is not running anymore, exiting..
[2025-08-14 19:59:25.837] [145234] [HailoRT] [info] [queue_elements.cpp:46] [~BaseQueueElement] Queue element PullQEl_hw_read3yolov8m_pose/conv60 has 0 frames in his Queue on destruction
[2025-08-14 19:59:25.837] [162861] [HailoRT] [info] [queue_elements.cpp:68] [operator()] Thread in element UserBuffQEl3yolov8m_pose/conv60 is not running anymore, exiting..
[2025-08-14 19:59:25.837] [145234] [HailoRT] [info] [queue_elements.cpp:46] [~BaseQueueElement] Queue element UserBuffQEl3yolov8m_pose/conv60 has 0 frames in his Queue on destruction
[2025-08-14 19:59:25.837] [162862] [HailoRT] [info] [queue_elements.cpp:734] [run_in_thread] Shutdown event was signaled in run_pull of queue element PullQEl_hw_read2yolov8m_pose/conv61!
[2025-08-14 19:59:25.837] [162863] [HailoRT] [info] [queue_elements.cpp:855] [run_in_thread] Shutdown event was signaled in dequeue of UserBuffQEl2yolov8m_pose/conv61!
[2025-08-14 19:59:25.837] [162862] [HailoRT] [info] [queue_elements.cpp:68] [operator()] Thread in element PullQEl_hw_read2yolov8m_pose/conv61 is not running anymore, exiting..
[2025-08-14 19:59:25.837] [145234] [HailoRT] [info] [queue_elements.cpp:46] [~BaseQueueElement] Queue element PullQEl_hw_read2yolov8m_pose/conv61 has 0 frames in his Queue on destruction
[2025-08-14 19:59:25.837] [162863] [HailoRT] [info] [queue_elements.cpp:68] [operator()] Thread in element UserBuffQEl2yolov8m_pose/conv61 is not running anymore, exiting..
[2025-08-14 19:59:25.837] [145234] [HailoRT] [info] [queue_elements.cpp:46] [~BaseQueueElement] Queue element UserBuffQEl2yolov8m_pose/conv61 has 0 frames in his Queue on destruction
[2025-08-14 19:59:25.837] [162864] [HailoRT] [info] [queue_elements.cpp:734] [run_in_thread] Shutdown event was signaled in run_pull of queue element PullQEl_hw_read8yolov8m_pose/conv75!
[2025-08-14 19:59:25.837] [162865] [HailoRT] [info] [queue_elements.cpp:855] [run_in_thread] Shutdown event was signaled in dequeue of UserBuffQEl8yolov8m_pose/conv75!
[2025-08-14 19:59:25.837] [162864] [HailoRT] [info] [queue_elements.cpp:68] [operator()] Thread in element PullQEl_hw_read8yolov8m_pose/conv75 is not running anymore, exiting..
[2025-08-14 19:59:25.837] [145234] [HailoRT] [info] [queue_elements.cpp:46] [~BaseQueueElement] Queue element PullQEl_hw_read8yolov8m_pose/conv75 has 0 frames in his Queue on destruction
[2025-08-14 19:59:25.837] [162865] [HailoRT] [info] [queue_elements.cpp:68] [operator()] Thread in element UserBuffQEl8yolov8m_pose/conv75 is not running anymore, exiting..
[2025-08-14 19:59:25.837] [145234] [HailoRT] [info] [queue_elements.cpp:46] [~BaseQueueElement] Queue element UserBuffQEl8yolov8m_pose/conv75 has 0 frames in his Queue on destruction
[2025-08-14 19:59:25.837] [162867] [HailoRT] [info] [queue_elements.cpp:855] [run_in_thread] Shutdown event was signaled in dequeue of UserBuffQEl5yolov8m_pose/conv76!
[2025-08-14 19:59:25.837] [162866] [HailoRT] [info] [queue_elements.cpp:734] [run_in_thread] Shutdown event was signaled in run_pull of queue element PullQEl_hw_read5yolov8m_pose/conv76!
[2025-08-14 19:59:25.837] [162866] [HailoRT] [info] [queue_elements.cpp:68] [operator()] Thread in element PullQEl_hw_read5yolov8m_pose/conv76 is not running anymore, exiting..
[2025-08-14 19:59:25.837] [145234] [HailoRT] [info] [queue_elements.cpp:46] [~BaseQueueElement] Queue element PullQEl_hw_read5yolov8m_pose/conv76 has 0 frames in his Queue on destruction
[2025-08-14 19:59:25.837] [162867] [HailoRT] [info] [queue_elements.cpp:68] [operator()] Thread in element UserBuffQEl5yolov8m_pose/conv76 is not running anymore, exiting..
[2025-08-14 19:59:25.837] [145234] [HailoRT] [info] [queue_elements.cpp:46] [~BaseQueueElement] Queue element UserBuffQEl5yolov8m_pose/conv76 has 0 frames in his Queue on destruction
[2025-08-14 19:59:25.837] [162868] [HailoRT] [info] [queue_elements.cpp:734] [run_in_thread] Shutdown event was signaled in run_pull of queue element PullQEl_hw_read0yolov8m_pose/conv77!
[2025-08-14 19:59:25.837] [162869] [HailoRT] [info] [queue_elements.cpp:855] [run_in_thread] Shutdown event was signaled in dequeue of UserBuffQEl0yolov8m_pose/conv77!
[2025-08-14 19:59:25.837] [162868] [HailoRT] [info] [queue_elements.cpp:68] [operator()] Thread in element PullQEl_hw_read0yolov8m_pose/conv77 is not running anymore, exiting..
[2025-08-14 19:59:25.837] [145234] [HailoRT] [info] [queue_elements.cpp:46] [~BaseQueueElement] Queue element PullQEl_hw_read0yolov8m_pose/conv77 has 0 frames in his Queue on destruction
[2025-08-14 19:59:25.837] [162869] [HailoRT] [info] [queue_elements.cpp:68] [operator()] Thread in element UserBuffQEl0yolov8m_pose/conv77 is not running anymore, exiting..
[2025-08-14 19:59:25.838] [145234] [HailoRT] [info] [queue_elements.cpp:46] [~BaseQueueElement] Queue element UserBuffQEl0yolov8m_pose/conv77 has 0 frames in his Queue on destruction
[2025-08-14 19:59:25.838] [162870] [HailoRT] [info] [queue_elements.cpp:734] [run_in_thread] Shutdown event was signaled in run_pull of queue element PullQEl_hw_read11yolov8m_pose/conv90!
[2025-08-14 19:59:25.838] [162871] [HailoRT] [info] [queue_elements.cpp:855] [run_in_thread] Shutdown event was signaled in dequeue of UserBuffQEl11yolov8m_pose/conv90!
[2025-08-14 19:59:25.838] [162870] [HailoRT] [info] [queue_elements.cpp:68] [operator()] Thread in element PullQEl_hw_read11yolov8m_pose/conv90 is not running anymore, exiting..
[2025-08-14 19:59:25.838] [145234] [HailoRT] [info] [queue_elements.cpp:46] [~BaseQueueElement] Queue element PullQEl_hw_read11yolov8m_pose/conv90 has 0 frames in his Queue on destruction
[2025-08-14 19:59:25.838] [162871] [HailoRT] [info] [queue_elements.cpp:68] [operator()] Thread in element UserBuffQEl11yolov8m_pose/conv90 is not running anymore, exiting..
[2025-08-14 19:59:25.838] [145234] [HailoRT] [info] [queue_elements.cpp:46] [~BaseQueueElement] Queue element UserBuffQEl11yolov8m_pose/conv90 has 0 frames in his Queue on destruction
[2025-08-14 19:59:25.838] [162873] [HailoRT] [info] [queue_elements.cpp:855] [run_in_thread] Shutdown event was signaled in dequeue of UserBuffQEl10yolov8m_pose/conv91!
[2025-08-14 19:59:25.838] [162872] [HailoRT] [info] [queue_elements.cpp:734] [run_in_thread] Shutdown event was signaled in run_pull of queue element PullQEl_hw_read10yolov8m_pose/conv91!
[2025-08-14 19:59:25.838] [162872] [HailoRT] [info] [queue_elements.cpp:68] [operator()] Thread in element PullQEl_hw_read10yolov8m_pose/conv91 is not running anymore, exiting..
[2025-08-14 19:59:25.838] [145234] [HailoRT] [info] [queue_elements.cpp:46] [~BaseQueueElement] Queue element PullQEl_hw_read10yolov8m_pose/conv91 has 0 frames in his Queue on destruction
[2025-08-14 19:59:25.838] [162873] [HailoRT] [info] [queue_elements.cpp:68] [operator()] Thread in element UserBuffQEl10yolov8m_pose/conv91 is not running anymore, exiting..
[2025-08-14 19:59:25.838] [145234] [HailoRT] [info] [queue_elements.cpp:46] [~BaseQueueElement] Queue element UserBuffQEl10yolov8m_pose/conv91 has 0 frames in his Queue on destruction
[2025-08-14 19:59:25.838] [162874] [HailoRT] [info] [queue_elements.cpp:734] [run_in_thread] Shutdown event was signaled in run_pull of queue element PullQEl_hw_read9yolov8m_pose/conv92!
[2025-08-14 19:59:25.838] [162875] [HailoRT] [info] [queue_elements.cpp:855] [run_in_thread] Shutdown event was signaled in dequeue of UserBuffQEl9yolov8m_pose/conv92!
[2025-08-14 19:59:25.838] [162874] [HailoRT] [info] [queue_elements.cpp:68] [operator()] Thread in element PullQEl_hw_read9yolov8m_pose/conv92 is not running anymore, exiting..
[2025-08-14 19:59:25.838] [145234] [HailoRT] [info] [queue_elements.cpp:46] [~BaseQueueElement] Queue element PullQEl_hw_read9yolov8m_pose/conv92 has 0 frames in his Queue on destruction
[2025-08-14 19:59:25.838] [162875] [HailoRT] [info] [queue_elements.cpp:68] [operator()] Thread in element UserBuffQEl9yolov8m_pose/conv92 is not running anymore, exiting..
[2025-08-14 19:59:25.838] [145234] [HailoRT] [info] [queue_elements.cpp:46] [~BaseQueueElement] Queue element UserBuffQEl9yolov8m_pose/conv92 has 0 frames in his Queue on destruction
[2025-08-14 19:59:25.957] [145234] [HailoRT] [info] [vdevice.cpp:535] [create] Creating vdevice with params: device_count: 1, scheduling_algorithm: NONE, multi_process_service: false
[2025-08-14 19:59:25.970] [145234] [HailoRT] [info] [device.cpp:51] [Device] OS Version: Linux 6.5.0-44-generic #44~22.04.1-Ubuntu SMP PREEMPT_DYNAMIC Tue Jun 18 14:36:16 UTC 2 x86_64
[2025-08-14 19:59:25.970] [145234] [HailoRT] [info] [control.cpp:113] [control__parse_identify_results] firmware_version is: 4.22.0
[2025-08-14 19:59:25.971] [145234] [HailoRT] [info] [vdevice.cpp:682] [create] VDevice Infos: 0000:03:00.0
[2025-08-14 19:59:25.980] [145234] [HailoRT] [info] [buffer_requirements.cpp:198] [find_initial_desc_page_size] Using non-default initial_desc_page_size of 64, due to a small transfer size (8)
[2025-08-14 19:59:25.980] [145234] [HailoRT] [info] [internal_buffer_manager.cpp:75] [print_execution_results] Default Internal buffer planner failed to meet requirements
[2025-08-14 19:59:25.980] [145234] [HailoRT] [info] [internal_buffer_manager.cpp:86] [print_execution_results] Default Internal buffer planner executed successfully
[2025-08-14 19:59:25.988] [145234] [HailoRT] [info] [device_internal.cpp:57] [configure] Configuring HEF took 13.660335 milliseconds
[2025-08-14 19:59:25.988] [145234] [HailoRT] [info] [vdevice.cpp:780] [configure] Configuring HEF on VDevice took 14.024158 milliseconds
[2025-08-14 19:59:25.988] [145234] [HailoRT] [info] [hef.cpp:1994] [get_network_group_and_network_name] No name was given. Addressing all networks of default network_group: mobilenet
[2025-08-14 19:59:25.988] [145234] [HailoRT] [info] [hef.cpp:1994] [get_network_group_and_network_name] No name was given. Addressing all networks of default network_group: mobilenet
[2025-08-14 19:59:25.995] [145234] [HailoRT] [info] [edge_elements.cpp:52] [create] Created (HwWriteEl1mobilenet/input_layer1 | hw_frame_size: 150528)
[2025-08-14 19:59:25.995] [145234] [HailoRT] [info] [vstream.cpp:754] [InputVStreamImpl] Creating mobilenet/input_layer1...
[2025-08-14 19:59:25.995] [145234] [HailoRT] [info] [vstream_builder.cpp:102] [create_inputs] Input pipeline 'mobilenet/input_layer1': (HwWriteEl1mobilenet/input_layer1 | hw_frame_size: 150528) >> HW
[2025-08-14 19:59:25.995] [145234] [HailoRT] [info] [edge_elements.cpp:287] [create] Created (HwReadEl0mobilenet/fc18 | hw_frame_size: 8)
[2025-08-14 19:59:25.996] [145234] [HailoRT] [info] [queue_elements.cpp:657] [create] Created (PullQEl_hw_read0mobilenet/fc18)
[2025-08-14 19:59:25.996] [145234] [HailoRT] [info] [filter_elements.cpp:372] [create] Created (PostInferEl0mobilenet/fc18 | Padding Periph shape - src_shape: (1, 1, 2), dst_shape: (1, 1, 2))
[2025-08-14 19:59:25.996] [145234] [HailoRT] [info] [queue_elements.cpp:800] [create] Created (UserBuffQEl0mobilenet/fc18 | timeout: 10s)
[2025-08-14 19:59:25.996] [145234] [HailoRT] [info] [vstream.cpp:1114] [OutputVStreamImpl] Creating mobilenet/fc18...
[2025-08-14 19:59:25.996] [145234] [HailoRT] [info] [vstream_builder.cpp:220] [create_outputs] Output pipeline 'mobilenet/fc18': HW >> (HwReadEl0mobilenet/fc18 | hw_frame_size: 8) >> (PullQEl_hw_read0mobilenet/fc18) >> (PostInferEl0mobilenet/fc18 | Padding Periph shape - src_shape: (1, 1, 2), dst_shape: (1, 1, 2)) >> (UserBuffQEl0mobilenet/fc18 | timeout: 10s)
[2025-08-14 19:59:25.996] [145234] [HailoRT] [info] [core_op.cpp:156] [activate] Activating mobilenet took 0.228989 milliseconds. Note that the function is asynchronous and thus the network is not fully activated yet.
[2025-08-14 19:59:25.996] [145234] [HailoRT] [info] [core_op.cpp:156] [activate] Activating mobilenet took 0.23849 milliseconds. Note that the function is asynchronous and thus the network is not fully activated yet.
[2025-08-14 19:59:26.009] [162890] [HailoRT] [info] [vdevice_native_stream.cpp:331] [read_impl] Failed read from stream HAILO_STREAM_NOT_ACTIVATED(72) (device: 0000:03:00.0)
[2025-08-14 19:59:26.010] [145234] [HailoRT] [info] [core_op.cpp:186] [deactivate] Deactivating took 0.796869 ms
[2025-08-14 19:59:26.010] [145234] [HailoRT] [info] [core_op.cpp:186] [deactivate] Deactivating took 0.821899 ms
[2025-08-14 19:59:26.010] [162891] [HailoRT] [info] [queue_elements.cpp:855] [run_in_thread] Shutdown event was signaled in dequeue of UserBuffQEl0mobilenet/fc18!
[2025-08-14 19:59:26.010] [162890] [HailoRT] [info] [queue_elements.cpp:734] [run_in_thread] Shutdown event was signaled in run_pull of queue element PullQEl_hw_read0mobilenet/fc18!
[2025-08-14 19:59:26.010] [162890] [HailoRT] [info] [queue_elements.cpp:68] [operator()] Thread in element PullQEl_hw_read0mobilenet/fc18 is not running anymore, exiting..
[2025-08-14 19:59:26.010] [145234] [HailoRT] [info] [queue_elements.cpp:46] [~BaseQueueElement] Queue element PullQEl_hw_read0mobilenet/fc18 has 0 frames in his Queue on destruction
[2025-08-14 19:59:26.011] [162891] [HailoRT] [info] [queue_elements.cpp:68] [operator()] Thread in element UserBuffQEl0mobilenet/fc18 is not running anymore, exiting..
[2025-08-14 19:59:26.011] [145234] [HailoRT] [info] [queue_elements.cpp:46] [~BaseQueueElement] Queue element UserBuffQEl0mobilenet/fc18 has 0 frames in his Queue on destruction
[2025-08-14 19:59:26.132] [145234] [HailoRT] [info] [vdevice.cpp:535] [create] Creating vdevice with params: device_count: 1, scheduling_algorithm: NONE, multi_process_service: false
[2025-08-14 19:59:26.145] [145234] [HailoRT] [info] [device.cpp:51] [Device] OS Version: Linux 6.5.0-44-generic #44~22.04.1-Ubuntu SMP PREEMPT_DYNAMIC Tue Jun 18 14:36:16 UTC 2 x86_64
[2025-08-14 19:59:26.145] [145234] [HailoRT] [info] [control.cpp:113] [control__parse_identify_results] firmware_version is: 4.22.0
[2025-08-14 19:59:26.145] [145234] [HailoRT] [info] [vdevice.cpp:682] [create] VDevice Infos: 0000:03:00.0
[2025-08-14 19:59:26.166] [145234] [HailoRT] [info] [internal_buffer_manager.cpp:77] [print_execution_results] Planned internal buffer memory: CMA=0 CMA-Desc=262144 Pinned=2997248. memory to edge layer usage factor is 1
[2025-08-14 19:59:26.166] [145234] [HailoRT] [info] [internal_buffer_manager.cpp:86] [print_execution_results] Default Internal buffer planner executed successfully
[2025-08-14 19:59:26.238] [145234] [HailoRT] [info] [device_internal.cpp:57] [configure] Configuring HEF took 78.620304 milliseconds
[2025-08-14 19:59:26.238] [145234] [HailoRT] [info] [vdevice.cpp:780] [configure] Configuring HEF on VDevice took 79.127517 milliseconds
[2025-08-14 19:59:26.239] [145234] [HailoRT] [info] [edge_elements.cpp:52] [create] Created (HwWriteEl3yolov8m_pose/input_layer1 | hw_frame_size: 1228800)
[2025-08-14 19:59:26.239] [145234] [HailoRT] [info] [vstream.cpp:754] [InputVStreamImpl] Creating yolov8m_pose/input_layer1...
[2025-08-14 19:59:26.239] [145234] [HailoRT] [info] [vstream_builder.cpp:102] [create_inputs] Input pipeline 'yolov8m_pose/input_layer1': (HwWriteEl3yolov8m_pose/input_layer1 | hw_frame_size: 1228800) >> HW
[2025-08-14 19:59:26.239] [145234] [HailoRT] [info] [edge_elements.cpp:287] [create] Created (HwReadEl1yolov8m_pose/conv59 | hw_frame_size: 409600)
[2025-08-14 19:59:26.239] [145234] [HailoRT] [warning] [transform.cpp:57] [should_quantize_by_type] The model compiled for type UINT8, while the dst type is UINT16. libhailort will type-cast every value which might reduce performance. Consider recompiling the model.
[2025-08-14 19:59:26.240] [145234] [HailoRT] [info] [queue_elements.cpp:657] [create] Created (PullQEl_hw_read1yolov8m_pose/conv59)
[2025-08-14 19:59:26.240] [145234] [HailoRT] [warning] [transform.cpp:57] [should_quantize_by_type] The model compiled for type UINT8, while the dst type is UINT16. libhailort will type-cast every value which might reduce performance. Consider recompiling the model.
[2025-08-14 19:59:26.240] [145234] [HailoRT] [info] [filter_elements.cpp:372] [create] Created (PostInferEl1yolov8m_pose/conv59 | Quantization - src_type: UINT8, dst_type UINT16, limvals_min: -5.99085, limvals_max: 14.9361)
[2025-08-14 19:59:26.240] [145234] [HailoRT] [info] [queue_elements.cpp:800] [create] Created (UserBuffQEl1yolov8m_pose/conv59 | timeout: 10s)
[2025-08-14 19:59:26.240] [145234] [HailoRT] [info] [vstream.cpp:1114] [OutputVStreamImpl] Creating yolov8m_pose/conv59...
[2025-08-14 19:59:26.240] [145234] [HailoRT] [info] [vstream_builder.cpp:220] [create_outputs] Output pipeline 'yolov8m_pose/conv59': HW >> (HwReadEl1yolov8m_pose/conv59 | hw_frame_size: 409600) >> (PullQEl_hw_read1yolov8m_pose/conv59) >> (PostInferEl1yolov8m_pose/conv59 | Quantization - src_type: UINT8, dst_type UINT16, limvals_min: -5.99085, limvals_max: 14.9361) >> (UserBuffQEl1yolov8m_pose/conv59 | timeout: 10s)
[2025-08-14 19:59:26.240] [145234] [HailoRT] [info] [edge_elements.cpp:287] [create] Created (HwReadEl3yolov8m_pose/conv60 | hw_frame_size: 6400)
[2025-08-14 19:59:26.240] [145234] [HailoRT] [warning] [transform.cpp:57] [should_quantize_by_type] The model compiled for type UINT8, while the dst type is UINT16. libhailort will type-cast every value which might reduce performance. Consider recompiling the model.
[2025-08-14 19:59:26.240] [145234] [HailoRT] [info] [queue_elements.cpp:657] [create] Created (PullQEl_hw_read3yolov8m_pose/conv60)
[2025-08-14 19:59:26.240] [145234] [HailoRT] [warning] [transform.cpp:57] [should_quantize_by_type] The model compiled for type UINT8, while the dst type is UINT16. libhailort will type-cast every value which might reduce performance. Consider recompiling the model.
[2025-08-14 19:59:26.240] [145234] [HailoRT] [info] [filter_elements.cpp:372] [create] Created (PostInferEl3yolov8m_pose/conv60 | Quantization - src_type: UINT8, dst_type UINT16, limvals_min: 0, limvals_max: 1)
[2025-08-14 19:59:26.240] [145234] [HailoRT] [info] [queue_elements.cpp:800] [create] Created (UserBuffQEl3yolov8m_pose/conv60 | timeout: 10s)
[2025-08-14 19:59:26.240] [145234] [HailoRT] [info] [vstream.cpp:1114] [OutputVStreamImpl] Creating yolov8m_pose/conv60...
[2025-08-14 19:59:26.240] [145234] [HailoRT] [info] [vstream_builder.cpp:220] [create_outputs] Output pipeline 'yolov8m_pose/conv60': HW >> (HwReadEl3yolov8m_pose/conv60 | hw_frame_size: 6400) >> (PullQEl_hw_read3yolov8m_pose/conv60) >> (PostInferEl3yolov8m_pose/conv60 | Quantization - src_type: UINT8, dst_type UINT16, limvals_min: 0, limvals_max: 1) >> (UserBuffQEl3yolov8m_pose/conv60 | timeout: 10s)
[2025-08-14 19:59:26.240] [145234] [HailoRT] [info] [edge_elements.cpp:287] [create] Created (HwReadEl2yolov8m_pose/conv61 | hw_frame_size: 716800)
[2025-08-14 19:59:26.240] [145234] [HailoRT] [info] [queue_elements.cpp:657] [create] Created (PullQEl_hw_read2yolov8m_pose/conv61)
[2025-08-14 19:59:26.240] [145234] [HailoRT] [info] [filter_elements.cpp:372] [create] Created (PostInferEl2yolov8m_pose/conv61 | Reorder - src_order: FCR, src_shape: (80, 80, 56), dst_order: FCR, dst_shape: (80, 80, 51))
[2025-08-14 19:59:26.241] [145234] [HailoRT] [info] [queue_elements.cpp:800] [create] Created (UserBuffQEl2yolov8m_pose/conv61 | timeout: 10s)
[2025-08-14 19:59:26.241] [145234] [HailoRT] [info] [vstream.cpp:1114] [OutputVStreamImpl] Creating yolov8m_pose/conv61...
[2025-08-14 19:59:26.241] [145234] [HailoRT] [info] [vstream_builder.cpp:220] [create_outputs] Output pipeline 'yolov8m_pose/conv61': HW >> (HwReadEl2yolov8m_pose/conv61 | hw_frame_size: 716800) >> (PullQEl_hw_read2yolov8m_pose/conv61) >> (PostInferEl2yolov8m_pose/conv61 | Reorder - src_order: FCR, src_shape: (80, 80, 56), dst_order: FCR, dst_shape: (80, 80, 51)) >> (UserBuffQEl2yolov8m_pose/conv61 | timeout: 10s)
[2025-08-14 19:59:26.241] [145234] [HailoRT] [info] [edge_elements.cpp:287] [create] Created (HwReadEl8yolov8m_pose/conv75 | hw_frame_size: 102400)
[2025-08-14 19:59:26.241] [145234] [HailoRT] [warning] [transform.cpp:57] [should_quantize_by_type] The model compiled for type UINT8, while the dst type is UINT16. libhailort will type-cast every value which might reduce performance. Consider recompiling the model.
[2025-08-14 19:59:26.242] [145234] [HailoRT] [info] [queue_elements.cpp:657] [create] Created (PullQEl_hw_read8yolov8m_pose/conv75)
[2025-08-14 19:59:26.242] [145234] [HailoRT] [warning] [transform.cpp:57] [should_quantize_by_type] The model compiled for type UINT8, while the dst type is UINT16. libhailort will type-cast every value which might reduce performance. Consider recompiling the model.
[2025-08-14 19:59:26.242] [145234] [HailoRT] [info] [filter_elements.cpp:372] [create] Created (PostInferEl8yolov8m_pose/conv75 | Quantization - src_type: UINT8, dst_type UINT16, limvals_min: -7.00621, limvals_max: 13.5292)
[2025-08-14 19:59:26.242] [145234] [HailoRT] [info] [queue_elements.cpp:800] [create] Created (UserBuffQEl8yolov8m_pose/conv75 | timeout: 10s)
[2025-08-14 19:59:26.242] [145234] [HailoRT] [info] [vstream.cpp:1114] [OutputVStreamImpl] Creating yolov8m_pose/conv75...
[2025-08-14 19:59:26.242] [145234] [HailoRT] [info] [vstream_builder.cpp:220] [create_outputs] Output pipeline 'yolov8m_pose/conv75': HW >> (HwReadEl8yolov8m_pose/conv75 | hw_frame_size: 102400) >> (PullQEl_hw_read8yolov8m_pose/conv75) >> (PostInferEl8yolov8m_pose/conv75 | Quantization - src_type: UINT8, dst_type UINT16, limvals_min: -7.00621, limvals_max: 13.5292) >> (UserBuffQEl8yolov8m_pose/conv75 | timeout: 10s)
[2025-08-14 19:59:26.242] [145234] [HailoRT] [info] [edge_elements.cpp:287] [create] Created (HwReadEl5yolov8m_pose/conv76 | hw_frame_size: 1600)
[2025-08-14 19:59:26.242] [145234] [HailoRT] [warning] [transform.cpp:57] [should_quantize_by_type] The model compiled for type UINT8, while the dst type is UINT16. libhailort will type-cast every value which might reduce performance. Consider recompiling the model.
[2025-08-14 19:59:26.243] [145234] [HailoRT] [info] [queue_elements.cpp:657] [create] Created (PullQEl_hw_read5yolov8m_pose/conv76)
[2025-08-14 19:59:26.243] [145234] [HailoRT] [warning] [transform.cpp:57] [should_quantize_by_type] The model compiled for type UINT8, while the dst type is UINT16. libhailort will type-cast every value which might reduce performance. Consider recompiling the model.
[2025-08-14 19:59:26.243] [145234] [HailoRT] [info] [filter_elements.cpp:372] [create] Created (PostInferEl5yolov8m_pose/conv76 | Quantization - src_type: UINT8, dst_type UINT16, limvals_min: 0, limvals_max: 1)
[2025-08-14 19:59:26.243] [145234] [HailoRT] [info] [queue_elements.cpp:800] [create] Created (UserBuffQEl5yolov8m_pose/conv76 | timeout: 10s)
[2025-08-14 19:59:26.243] [145234] [HailoRT] [info] [vstream.cpp:1114] [OutputVStreamImpl] Creating yolov8m_pose/conv76...
[2025-08-14 19:59:26.243] [145234] [HailoRT] [info] [vstream_builder.cpp:220] [create_outputs] Output pipeline 'yolov8m_pose/conv76': HW >> (HwReadEl5yolov8m_pose/conv76 | hw_frame_size: 1600) >> (PullQEl_hw_read5yolov8m_pose/conv76) >> (PostInferEl5yolov8m_pose/conv76 | Quantization - src_type: UINT8, dst_type UINT16, limvals_min: 0, limvals_max: 1) >> (UserBuffQEl5yolov8m_pose/conv76 | timeout: 10s)
[2025-08-14 19:59:26.243] [145234] [HailoRT] [info] [edge_elements.cpp:287] [create] Created (HwReadEl0yolov8m_pose/conv77 | hw_frame_size: 179200)
[2025-08-14 19:59:26.243] [145234] [HailoRT] [info] [queue_elements.cpp:657] [create] Created (PullQEl_hw_read0yolov8m_pose/conv77)
[2025-08-14 19:59:26.243] [145234] [HailoRT] [info] [filter_elements.cpp:372] [create] Created (PostInferEl0yolov8m_pose/conv77 | Reorder - src_order: FCR, src_shape: (40, 40, 56), dst_order: FCR, dst_shape: (40, 40, 51))
[2025-08-14 19:59:26.243] [145234] [HailoRT] [info] [queue_elements.cpp:800] [create] Created (UserBuffQEl0yolov8m_pose/conv77 | timeout: 10s)
[2025-08-14 19:59:26.243] [145234] [HailoRT] [info] [vstream.cpp:1114] [OutputVStreamImpl] Creating yolov8m_pose/conv77...
[2025-08-14 19:59:26.244] [145234] [HailoRT] [info] [vstream_builder.cpp:220] [create_outputs] Output pipeline 'yolov8m_pose/conv77': HW >> (HwReadEl0yolov8m_pose/conv77 | hw_frame_size: 179200) >> (PullQEl_hw_read0yolov8m_pose/conv77) >> (PostInferEl0yolov8m_pose/conv77 | Reorder - src_order: FCR, src_shape: (40, 40, 56), dst_order: FCR, dst_shape: (40, 40, 51)) >> (UserBuffQEl0yolov8m_pose/conv77 | timeout: 10s)
[2025-08-14 19:59:26.244] [145234] [HailoRT] [info] [edge_elements.cpp:287] [create] Created (HwReadEl11yolov8m_pose/conv90 | hw_frame_size: 25600)
[2025-08-14 19:59:26.244] [145234] [HailoRT] [warning] [transform.cpp:57] [should_quantize_by_type] The model compiled for type UINT8, while the dst type is UINT16. libhailort will type-cast every value which might reduce performance. Consider recompiling the model.
[2025-08-14 19:59:26.244] [145234] [HailoRT] [info] [queue_elements.cpp:657] [create] Created (PullQEl_hw_read11yolov8m_pose/conv90)
[2025-08-14 19:59:26.244] [145234] [HailoRT] [warning] [transform.cpp:57] [should_quantize_by_type] The model compiled for type UINT8, while the dst type is UINT16. libhailort will type-cast every value which might reduce performance. Consider recompiling the model.
[2025-08-14 19:59:26.244] [145234] [HailoRT] [info] [filter_elements.cpp:372] [create] Created (PostInferEl11yolov8m_pose/conv90 | Quantization - src_type: UINT8, dst_type UINT16, limvals_min: -5.78642, limvals_max: 12.4301)
[2025-08-14 19:59:26.244] [145234] [HailoRT] [info] [queue_elements.cpp:800] [create] Created (UserBuffQEl11yolov8m_pose/conv90 | timeout: 10s)
[2025-08-14 19:59:26.244] [145234] [HailoRT] [info] [vstream.cpp:1114] [OutputVStreamImpl] Creating yolov8m_pose/conv90...
[2025-08-14 19:59:26.244] [145234] [HailoRT] [info] [vstream_builder.cpp:220] [create_outputs] Output pipeline 'yolov8m_pose/conv90': HW >> (HwReadEl11yolov8m_pose/conv90 | hw_frame_size: 25600) >> (PullQEl_hw_read11yolov8m_pose/conv90) >> (PostInferEl11yolov8m_pose/conv90 | Quantization - src_type: UINT8, dst_type UINT16, limvals_min: -5.78642, limvals_max: 12.4301) >> (UserBuffQEl11yolov8m_pose/conv90 | timeout: 10s)
[2025-08-14 19:59:26.244] [145234] [HailoRT] [info] [edge_elements.cpp:287] [create] Created (HwReadEl10yolov8m_pose/conv91 | hw_frame_size: 400)
[2025-08-14 19:59:26.244] [145234] [HailoRT] [warning] [transform.cpp:57] [should_quantize_by_type] The model compiled for type UINT8, while the dst type is UINT16. libhailort will type-cast every value which might reduce performance. Consider recompiling the model.
[2025-08-14 19:59:26.244] [145234] [HailoRT] [info] [queue_elements.cpp:657] [create] Created (PullQEl_hw_read10yolov8m_pose/conv91)
[2025-08-14 19:59:26.244] [145234] [HailoRT] [warning] [transform.cpp:57] [should_quantize_by_type] The model compiled for type UINT8, while the dst type is UINT16. libhailort will type-cast every value which might reduce performance. Consider recompiling the model.
[2025-08-14 19:59:26.244] [145234] [HailoRT] [info] [filter_elements.cpp:372] [create] Created (PostInferEl10yolov8m_pose/conv91 | Quantization - src_type: UINT8, dst_type UINT16, limvals_min: 0, limvals_max: 1)
[2025-08-14 19:59:26.245] [145234] [HailoRT] [info] [queue_elements.cpp:800] [create] Created (UserBuffQEl10yolov8m_pose/conv91 | timeout: 10s)
[2025-08-14 19:59:26.245] [145234] [HailoRT] [info] [vstream.cpp:1114] [OutputVStreamImpl] Creating yolov8m_pose/conv91...
[2025-08-14 19:59:26.245] [145234] [HailoRT] [info] [vstream_builder.cpp:220] [create_outputs] Output pipeline 'yolov8m_pose/conv91': HW >> (HwReadEl10yolov8m_pose/conv91 | hw_frame_size: 400) >> (PullQEl_hw_read10yolov8m_pose/conv91) >> (PostInferEl10yolov8m_pose/conv91 | Quantization - src_type: UINT8, dst_type UINT16, limvals_min: 0, limvals_max: 1) >> (UserBuffQEl10yolov8m_pose/conv91 | timeout: 10s)
[2025-08-14 19:59:26.245] [145234] [HailoRT] [info] [edge_elements.cpp:287] [create] Created (HwReadEl9yolov8m_pose/conv92 | hw_frame_size: 44800)
[2025-08-14 19:59:26.245] [145234] [HailoRT] [info] [queue_elements.cpp:657] [create] Created (PullQEl_hw_read9yolov8m_pose/conv92)
[2025-08-14 19:59:26.245] [145234] [HailoRT] [info] [filter_elements.cpp:372] [create] Created (PostInferEl9yolov8m_pose/conv92 | Reorder - src_order: FCR, src_shape: (20, 20, 56), dst_order: FCR, dst_shape: (20, 20, 51))
[2025-08-14 19:59:26.245] [145234] [HailoRT] [info] [queue_elements.cpp:800] [create] Created (UserBuffQEl9yolov8m_pose/conv92 | timeout: 10s)
[2025-08-14 19:59:26.245] [145234] [HailoRT] [info] [vstream.cpp:1114] [OutputVStreamImpl] Creating yolov8m_pose/conv92...
[2025-08-14 19:59:26.245] [145234] [HailoRT] [info] [vstream_builder.cpp:220] [create_outputs] Output pipeline 'yolov8m_pose/conv92': HW >> (HwReadEl9yolov8m_pose/conv92 | hw_frame_size: 44800) >> (PullQEl_hw_read9yolov8m_pose/conv92) >> (PostInferEl9yolov8m_pose/conv92 | Reorder - src_order: FCR, src_shape: (20, 20, 56), dst_order: FCR, dst_shape: (20, 20, 51)) >> (UserBuffQEl9yolov8m_pose/conv92 | timeout: 10s)
[2025-08-14 19:59:26.246] [145234] [HailoRT] [info] [core_op.cpp:156] [activate] Activating yolov8m_pose took 0.643027 milliseconds. Note that the function is asynchronous and thus the network is not fully activated yet.
[2025-08-14 19:59:26.246] [145234] [HailoRT] [info] [core_op.cpp:156] [activate] Activating yolov8m_pose took 0.652682 milliseconds. Note that the function is asynchronous and thus the network is not fully activated yet.
[2025-08-14 19:59:26.246] [145234] [HailoRT] [info] [hef.cpp:1994] [get_network_group_and_network_name] No name was given. Addressing all networks of default network_group: yolov8m_pose
[2025-08-14 19:59:26.262] [145234] [HailoRT] [info] [hef.cpp:1994] [get_network_group_and_network_name] No name was given. Addressing all networks of default network_group: yolov8m_pose
[2025-08-14 19:59:26.262] [145234] [HailoRT] [info] [hef.cpp:1994] [get_network_group_and_network_name] No name was given. Addressing all networks of default network_group: yolov8m_pose
[2025-08-14 19:59:26.262] [162915] [HailoRT] [info] [vdevice_native_stream.cpp:331] [read_impl] Failed read from stream HAILO_STREAM_NOT_ACTIVATED(72) (device: 0000:03:00.0)
[2025-08-14 19:59:26.262] [162913] [HailoRT] [info] [vdevice_native_stream.cpp:331] [read_impl] Failed read from stream HAILO_STREAM_NOT_ACTIVATED(72) (device: 0000:03:00.0)
[2025-08-14 19:59:26.262] [162901] [HailoRT] [info] [vdevice_native_stream.cpp:331] [read_impl] Failed read from stream HAILO_STREAM_NOT_ACTIVATED(72) (device: 0000:03:00.0)
[2025-08-14 19:59:26.262] [162903] [HailoRT] [info] [vdevice_native_stream.cpp:331] [read_impl] Failed read from stream HAILO_STREAM_NOT_ACTIVATED(72) (device: 0000:03:00.0)
[2025-08-14 19:59:26.262] [162911] [HailoRT] [info] [vdevice_native_stream.cpp:331] [read_impl] Failed read from stream HAILO_STREAM_NOT_ACTIVATED(72) (device: 0000:03:00.0)
[2025-08-14 19:59:26.262] [162907] [HailoRT] [info] [vdevice_native_stream.cpp:331] [read_impl] Failed read from stream HAILO_STREAM_NOT_ACTIVATED(72) (device: 0000:03:00.0)
[2025-08-14 19:59:26.262] [162909] [HailoRT] [info] [vdevice_native_stream.cpp:331] [read_impl] Failed read from stream HAILO_STREAM_NOT_ACTIVATED(72) (device: 0000:03:00.0)
[2025-08-14 19:59:26.262] [162905] [HailoRT] [info] [vdevice_native_stream.cpp:331] [read_impl] Failed read from stream HAILO_STREAM_NOT_ACTIVATED(72) (device: 0000:03:00.0)
[2025-08-14 19:59:26.262] [162899] [HailoRT] [info] [vdevice_native_stream.cpp:331] [read_impl] Failed read from stream HAILO_STREAM_NOT_ACTIVATED(72) (device: 0000:03:00.0)
[2025-08-14 19:59:26.263] [145234] [HailoRT] [info] [core_op.cpp:186] [deactivate] Deactivating took 0.600986 ms
[2025-08-14 19:59:26.263] [145234] [HailoRT] [info] [core_op.cpp:186] [deactivate] Deactivating took 0.620519 ms
[2025-08-14 19:59:26.263] [162899] [HailoRT] [info] [queue_elements.cpp:734] [run_in_thread] Shutdown event was signaled in run_pull of queue element PullQEl_hw_read1yolov8m_pose/conv59!
[2025-08-14 19:59:26.263] [162900] [HailoRT] [info] [queue_elements.cpp:855] [run_in_thread] Shutdown event was signaled in dequeue of UserBuffQEl1yolov8m_pose/conv59!
[2025-08-14 19:59:26.263] [162899] [HailoRT] [info] [queue_elements.cpp:68] [operator()] Thread in element PullQEl_hw_read1yolov8m_pose/conv59 is not running anymore, exiting..
[2025-08-14 19:59:26.263] [145234] [HailoRT] [info] [queue_elements.cpp:46] [~BaseQueueElement] Queue element PullQEl_hw_read1yolov8m_pose/conv59 has 0 frames in his Queue on destruction
[2025-08-14 19:59:26.263] [162900] [HailoRT] [info] [queue_elements.cpp:68] [operator()] Thread in element UserBuffQEl1yolov8m_pose/conv59 is not running anymore, exiting..
[2025-08-14 19:59:26.263] [145234] [HailoRT] [info] [queue_elements.cpp:46] [~BaseQueueElement] Queue element UserBuffQEl1yolov8m_pose/conv59 has 0 frames in his Queue on destruction
[2025-08-14 19:59:26.263] [162902] [HailoRT] [info] [queue_elements.cpp:855] [run_in_thread] Shutdown event was signaled in dequeue of UserBuffQEl3yolov8m_pose/conv60!
[2025-08-14 19:59:26.263] [162901] [HailoRT] [info] [queue_elements.cpp:734] [run_in_thread] Shutdown event was signaled in run_pull of queue element PullQEl_hw_read3yolov8m_pose/conv60!
[2025-08-14 19:59:26.263] [162901] [HailoRT] [info] [queue_elements.cpp:68] [operator()] Thread in element PullQEl_hw_read3yolov8m_pose/conv60 is not running anymore, exiting..
[2025-08-14 19:59:26.263] [145234] [HailoRT] [info] [queue_elements.cpp:46] [~BaseQueueElement] Queue element PullQEl_hw_read3yolov8m_pose/conv60 has 0 frames in his Queue on destruction
[2025-08-14 19:59:26.263] [162902] [HailoRT] [info] [queue_elements.cpp:68] [operator()] Thread in element UserBuffQEl3yolov8m_pose/conv60 is not running anymore, exiting..
[2025-08-14 19:59:26.263] [145234] [HailoRT] [info] [queue_elements.cpp:46] [~BaseQueueElement] Queue element UserBuffQEl3yolov8m_pose/conv60 has 0 frames in his Queue on destruction
[2025-08-14 19:59:26.263] [162903] [HailoRT] [info] [queue_elements.cpp:734] [run_in_thread] Shutdown event was signaled in run_pull of queue element PullQEl_hw_read2yolov8m_pose/conv61!
[2025-08-14 19:59:26.263] [162904] [HailoRT] [info] [queue_elements.cpp:855] [run_in_thread] Shutdown event was signaled in dequeue of UserBuffQEl2yolov8m_pose/conv61!
[2025-08-14 19:59:26.263] [162903] [HailoRT] [info] [queue_elements.cpp:68] [operator()] Thread in element PullQEl_hw_read2yolov8m_pose/conv61 is not running anymore, exiting..
[2025-08-14 19:59:26.263] [145234] [HailoRT] [info] [queue_elements.cpp:46] [~BaseQueueElement] Queue element PullQEl_hw_read2yolov8m_pose/conv61 has 0 frames in his Queue on destruction
[2025-08-14 19:59:26.263] [162904] [HailoRT] [info] [queue_elements.cpp:68] [operator()] Thread in element UserBuffQEl2yolov8m_pose/conv61 is not running anymore, exiting..
[2025-08-14 19:59:26.263] [145234] [HailoRT] [info] [queue_elements.cpp:46] [~BaseQueueElement] Queue element UserBuffQEl2yolov8m_pose/conv61 has 0 frames in his Queue on destruction
[2025-08-14 19:59:26.263] [162905] [HailoRT] [info] [queue_elements.cpp:734] [run_in_thread] Shutdown event was signaled in run_pull of queue element PullQEl_hw_read8yolov8m_pose/conv75!
[2025-08-14 19:59:26.263] [162906] [HailoRT] [info] [queue_elements.cpp:855] [run_in_thread] Shutdown event was signaled in dequeue of UserBuffQEl8yolov8m_pose/conv75!
[2025-08-14 19:59:26.263] [162905] [HailoRT] [info] [queue_elements.cpp:68] [operator()] Thread in element PullQEl_hw_read8yolov8m_pose/conv75 is not running anymore, exiting..
[2025-08-14 19:59:26.263] [145234] [HailoRT] [info] [queue_elements.cpp:46] [~BaseQueueElement] Queue element PullQEl_hw_read8yolov8m_pose/conv75 has 0 frames in his Queue on destruction
[2025-08-14 19:59:26.263] [162906] [HailoRT] [info] [queue_elements.cpp:68] [operator()] Thread in element UserBuffQEl8yolov8m_pose/conv75 is not running anymore, exiting..
[2025-08-14 19:59:26.264] [145234] [HailoRT] [info] [queue_elements.cpp:46] [~BaseQueueElement] Queue element UserBuffQEl8yolov8m_pose/conv75 has 0 frames in his Queue on destruction
[2025-08-14 19:59:26.264] [162907] [HailoRT] [info] [queue_elements.cpp:734] [run_in_thread] Shutdown event was signaled in run_pull of queue element PullQEl_hw_read5yolov8m_pose/conv76!
[2025-08-14 19:59:26.264] [162908] [HailoRT] [info] [queue_elements.cpp:855] [run_in_thread] Shutdown event was signaled in dequeue of UserBuffQEl5yolov8m_pose/conv76!
[2025-08-14 19:59:26.264] [162907] [HailoRT] [info] [queue_elements.cpp:68] [operator()] Thread in element PullQEl_hw_read5yolov8m_pose/conv76 is not running anymore, exiting..
[2025-08-14 19:59:26.264] [145234] [HailoRT] [info] [queue_elements.cpp:46] [~BaseQueueElement] Queue element PullQEl_hw_read5yolov8m_pose/conv76 has 0 frames in his Queue on destruction
[2025-08-14 19:59:26.264] [162908] [HailoRT] [info] [queue_elements.cpp:68] [operator()] Thread in element UserBuffQEl5yolov8m_pose/conv76 is not running anymore, exiting..
[2025-08-14 19:59:26.264] [145234] [HailoRT] [info] [queue_elements.cpp:46] [~BaseQueueElement] Queue element UserBuffQEl5yolov8m_pose/conv76 has 0 frames in his Queue on destruction
[2025-08-14 19:59:26.264] [162909] [HailoRT] [info] [queue_elements.cpp:734] [run_in_thread] Shutdown event was signaled in run_pull of queue element PullQEl_hw_read0yolov8m_pose/conv77!
[2025-08-14 19:59:26.264] [162910] [HailoRT] [info] [queue_elements.cpp:855] [run_in_thread] Shutdown event was signaled in dequeue of UserBuffQEl0yolov8m_pose/conv77!
[2025-08-14 19:59:26.264] [162909] [HailoRT] [info] [queue_elements.cpp:68] [operator()] Thread in element PullQEl_hw_read0yolov8m_pose/conv77 is not running anymore, exiting..
[2025-08-14 19:59:26.264] [145234] [HailoRT] [info] [queue_elements.cpp:46] [~BaseQueueElement] Queue element PullQEl_hw_read0yolov8m_pose/conv77 has 0 frames in his Queue on destruction
[2025-08-14 19:59:26.264] [162910] [HailoRT] [info] [queue_elements.cpp:68] [operator()] Thread in element UserBuffQEl0yolov8m_pose/conv77 is not running anymore, exiting..
[2025-08-14 19:59:26.264] [145234] [HailoRT] [info] [queue_elements.cpp:46] [~BaseQueueElement] Queue element UserBuffQEl0yolov8m_pose/conv77 has 0 frames in his Queue on destruction
[2025-08-14 19:59:26.264] [162911] [HailoRT] [info] [queue_elements.cpp:734] [run_in_thread] Shutdown event was signaled in run_pull of queue element PullQEl_hw_read11yolov8m_pose/conv90!
[2025-08-14 19:59:26.264] [162912] [HailoRT] [info] [queue_elements.cpp:855] [run_in_thread] Shutdown event was signaled in dequeue of UserBuffQEl11yolov8m_pose/conv90!
[2025-08-14 19:59:26.264] [162911] [HailoRT] [info] [queue_elements.cpp:68] [operator()] Thread in element PullQEl_hw_read11yolov8m_pose/conv90 is not running anymore, exiting..
[2025-08-14 19:59:26.264] [145234] [HailoRT] [info] [queue_elements.cpp:46] [~BaseQueueElement] Queue element PullQEl_hw_read11yolov8m_pose/conv90 has 0 frames in his Queue on destruction
[2025-08-14 19:59:26.264] [162912] [HailoRT] [info] [queue_elements.cpp:68] [operator()] Thread in element UserBuffQEl11yolov8m_pose/conv90 is not running anymore, exiting..
[2025-08-14 19:59:26.264] [145234] [HailoRT] [info] [queue_elements.cpp:46] [~BaseQueueElement] Queue element UserBuffQEl11yolov8m_pose/conv90 has 0 frames in his Queue on destruction
[2025-08-14 19:59:26.264] [162913] [HailoRT] [info] [queue_elements.cpp:734] [run_in_thread] Shutdown event was signaled in run_pull of queue element PullQEl_hw_read10yolov8m_pose/conv91!
[2025-08-14 19:59:26.264] [162914] [HailoRT] [info] [queue_elements.cpp:855] [run_in_thread] Shutdown event was signaled in dequeue of UserBuffQEl10yolov8m_pose/conv91!
[2025-08-14 19:59:26.264] [162913] [HailoRT] [info] [queue_elements.cpp:68] [operator()] Thread in element PullQEl_hw_read10yolov8m_pose/conv91 is not running anymore, exiting..
[2025-08-14 19:59:26.264] [145234] [HailoRT] [info] [queue_elements.cpp:46] [~BaseQueueElement] Queue element PullQEl_hw_read10yolov8m_pose/conv91 has 0 frames in his Queue on destruction
[2025-08-14 19:59:26.264] [162914] [HailoRT] [info] [queue_elements.cpp:68] [operator()] Thread in element UserBuffQEl10yolov8m_pose/conv91 is not running anymore, exiting..
[2025-08-14 19:59:26.264] [145234] [HailoRT] [info] [queue_elements.cpp:46] [~BaseQueueElement] Queue element UserBuffQEl10yolov8m_pose/conv91 has 0 frames in his Queue on destruction
[2025-08-14 19:59:26.264] [162915] [HailoRT] [info] [queue_elements.cpp:734] [run_in_thread] Shutdown event was signaled in run_pull of queue element PullQEl_hw_read9yolov8m_pose/conv92!
[2025-08-14 19:59:26.264] [162916] [HailoRT] [info] [queue_elements.cpp:855] [run_in_thread] Shutdown event was signaled in dequeue of UserBuffQEl9yolov8m_pose/conv92!
[2025-08-14 19:59:26.264] [162915] [HailoRT] [info] [queue_elements.cpp:68] [operator()] Thread in element PullQEl_hw_read9yolov8m_pose/conv92 is not running anymore, exiting..
[2025-08-14 19:59:26.264] [145234] [HailoRT] [info] [queue_elements.cpp:46] [~BaseQueueElement] Queue element PullQEl_hw_read9yolov8m_pose/conv92 has 0 frames in his Queue on destruction
[2025-08-14 19:59:26.264] [162916] [HailoRT] [info] [queue_elements.cpp:68] [operator()] Thread in element UserBuffQEl9yolov8m_pose/conv92 is not running anymore, exiting..
[2025-08-14 19:59:26.264] [145234] [HailoRT] [info] [queue_elements.cpp:46] [~BaseQueueElement] Queue element UserBuffQEl9yolov8m_pose/conv92 has 0 frames in his Queue on destruction
[2025-08-14 19:59:26.386] [145234] [HailoRT] [info] [vdevice.cpp:535] [create] Creating vdevice with params: device_count: 1, scheduling_algorithm: NONE, multi_process_service: false
[2025-08-14 19:59:26.398] [145234] [HailoRT] [info] [device.cpp:51] [Device] OS Version: Linux 6.5.0-44-generic #44~22.04.1-Ubuntu SMP PREEMPT_DYNAMIC Tue Jun 18 14:36:16 UTC 2 x86_64
[2025-08-14 19:59:26.399] [145234] [HailoRT] [info] [control.cpp:113] [control__parse_identify_results] firmware_version is: 4.22.0
[2025-08-14 19:59:26.399] [145234] [HailoRT] [info] [vdevice.cpp:682] [create] VDevice Infos: 0000:03:00.0
[2025-08-14 19:59:26.409] [145234] [HailoRT] [info] [buffer_requirements.cpp:198] [find_initial_desc_page_size] Using non-default initial_desc_page_size of 64, due to a small transfer size (8)
[2025-08-14 19:59:26.410] [145234] [HailoRT] [info] [internal_buffer_manager.cpp:75] [print_execution_results] Default Internal buffer planner failed to meet requirements
[2025-08-14 19:59:26.410] [145234] [HailoRT] [info] [internal_buffer_manager.cpp:86] [print_execution_results] Default Internal buffer planner executed successfully
[2025-08-14 19:59:26.418] [145234] [HailoRT] [info] [device_internal.cpp:57] [configure] Configuring HEF took 13.595549 milliseconds
[2025-08-14 19:59:26.418] [145234] [HailoRT] [info] [vdevice.cpp:780] [configure] Configuring HEF on VDevice took 14.065902 milliseconds
[2025-08-14 19:59:26.418] [145234] [HailoRT] [info] [hef.cpp:1994] [get_network_group_and_network_name] No name was given. Addressing all networks of default network_group: mobilenet
[2025-08-14 19:59:26.419] [145234] [HailoRT] [info] [hef.cpp:1994] [get_network_group_and_network_name] No name was given. Addressing all networks of default network_group: mobilenet
[2025-08-14 19:59:26.425] [145234] [HailoRT] [info] [edge_elements.cpp:52] [create] Created (HwWriteEl1mobilenet/input_layer1 | hw_frame_size: 150528)
[2025-08-14 19:59:26.426] [145234] [HailoRT] [info] [vstream.cpp:754] [InputVStreamImpl] Creating mobilenet/input_layer1...
[2025-08-14 19:59:26.426] [145234] [HailoRT] [info] [vstream_builder.cpp:102] [create_inputs] Input pipeline 'mobilenet/input_layer1': (HwWriteEl1mobilenet/input_layer1 | hw_frame_size: 150528) >> HW
[2025-08-14 19:59:26.426] [145234] [HailoRT] [info] [edge_elements.cpp:287] [create] Created (HwReadEl0mobilenet/fc18 | hw_frame_size: 8)
[2025-08-14 19:59:26.426] [145234] [HailoRT] [info] [queue_elements.cpp:657] [create] Created (PullQEl_hw_read0mobilenet/fc18)
[2025-08-14 19:59:26.426] [145234] [HailoRT] [info] [filter_elements.cpp:372] [create] Created (PostInferEl0mobilenet/fc18 | Padding Periph shape - src_shape: (1, 1, 2), dst_shape: (1, 1, 2))
[2025-08-14 19:59:26.427] [145234] [HailoRT] [info] [queue_elements.cpp:800] [create] Created (UserBuffQEl0mobilenet/fc18 | timeout: 10s)
[2025-08-14 19:59:26.427] [145234] [HailoRT] [info] [vstream.cpp:1114] [OutputVStreamImpl] Creating mobilenet/fc18...
[2025-08-14 19:59:26.427] [145234] [HailoRT] [info] [vstream_builder.cpp:220] [create_outputs] Output pipeline 'mobilenet/fc18': HW >> (HwReadEl0mobilenet/fc18 | hw_frame_size: 8) >> (PullQEl_hw_read0mobilenet/fc18) >> (PostInferEl0mobilenet/fc18 | Padding Periph shape - src_shape: (1, 1, 2), dst_shape: (1, 1, 2)) >> (UserBuffQEl0mobilenet/fc18 | timeout: 10s)
[2025-08-14 19:59:26.427] [145234] [HailoRT] [info] [core_op.cpp:156] [activate] Activating mobilenet took 0.24594 milliseconds. Note that the function is asynchronous and thus the network is not fully activated yet.
[2025-08-14 19:59:26.427] [145234] [HailoRT] [info] [core_op.cpp:156] [activate] Activating mobilenet took 0.261718 milliseconds. Note that the function is asynchronous and thus the network is not fully activated yet.
[2025-08-14 19:59:26.439] [162931] [HailoRT] [info] [vdevice_native_stream.cpp:331] [read_impl] Failed read from stream HAILO_STREAM_NOT_ACTIVATED(72) (device: 0000:03:00.0)
[2025-08-14 19:59:26.439] [145234] [HailoRT] [info] [core_op.cpp:186] [deactivate] Deactivating took 0.431873 ms
[2025-08-14 19:59:26.439] [145234] [HailoRT] [info] [core_op.cpp:186] [deactivate] Deactivating took 0.444868 ms
[2025-08-14 19:59:26.439] [162932] [HailoRT] [info] [queue_elements.cpp:855] [run_in_thread] Shutdown event was signaled in dequeue of UserBuffQEl0mobilenet/fc18!
[2025-08-14 19:59:26.439] [162931] [HailoRT] [info] [queue_elements.cpp:734] [run_in_thread] Shutdown event was signaled in run_pull of queue element PullQEl_hw_read0mobilenet/fc18!
[2025-08-14 19:59:26.439] [162931] [HailoRT] [info] [queue_elements.cpp:68] [operator()] Thread in element PullQEl_hw_read0mobilenet/fc18 is not running anymore, exiting..
[2025-08-14 19:59:26.439] [145234] [HailoRT] [info] [queue_elements.cpp:46] [~BaseQueueElement] Queue element PullQEl_hw_read0mobilenet/fc18 has 0 frames in his Queue on destruction
[2025-08-14 19:59:26.439] [162932] [HailoRT] [info] [queue_elements.cpp:68] [operator()] Thread in element UserBuffQEl0mobilenet/fc18 is not running anymore, exiting..
[2025-08-14 19:59:26.439] [145234] [HailoRT] [info] [queue_elements.cpp:46] [~BaseQueueElement] Queue element UserBuffQEl0mobilenet/fc18 has 0 frames in his Queue on destruction
[2025-08-14 19:59:26.546] [145234] [HailoRT] [info] [vdevice.cpp:535] [create] Creating vdevice with params: device_count: 1, scheduling_algorithm: NONE, multi_process_service: false
[2025-08-14 19:59:26.558] [145234] [HailoRT] [info] [device.cpp:51] [Device] OS Version: Linux 6.5.0-44-generic #44~22.04.1-Ubuntu SMP PREEMPT_DYNAMIC Tue Jun 18 14:36:16 UTC 2 x86_64
[2025-08-14 19:59:26.558] [145234] [HailoRT] [info] [control.cpp:113] [control__parse_identify_results] firmware_version is: 4.22.0
[2025-08-14 19:59:26.558] [145234] [HailoRT] [info] [vdevice.cpp:682] [create] VDevice Infos: 0000:03:00.0
[2025-08-14 19:59:26.580] [145234] [HailoRT] [info] [internal_buffer_manager.cpp:77] [print_execution_results] Planned internal buffer memory: CMA=0 CMA-Desc=262144 Pinned=2997248. memory to edge layer usage factor is 1
[2025-08-14 19:59:26.580] [145234] [HailoRT] [info] [internal_buffer_manager.cpp:86] [print_execution_results] Default Internal buffer planner executed successfully
[2025-08-14 19:59:26.654] [145234] [HailoRT] [info] [device_internal.cpp:57] [configure] Configuring HEF took 81.258706 milliseconds
[2025-08-14 19:59:26.654] [145234] [HailoRT] [info] [vdevice.cpp:780] [configure] Configuring HEF on VDevice took 81.767874 milliseconds
